type,id,geometry/type,lat,lng,geometry_name,properties/name,properties/snippet
Feature,ckan_be880d63_175a_4383_b0f2_ef88b831eba9.1,Point,153.2699586,-27.94666982,geom,SHELTER_BUS,
Feature,ckan_be880d63_175a_4383_b0f2_ef88b831eba9.2,Point,153.4112793,-27.96351883,geom,SHELTER_BUS,
Feature,ckan_be880d63_175a_4383_b0f2_ef88b831eba9.3,Point,153.3515487,-28.0059321,geom,SHELTER_BUS,
Feature,ckan_be880d63_175a_4383_b0f2_ef88b831eba9.4,Point,153.4948821,-28.15609022,geom,SHELTER_BUS,
Feature,ckan_be880d63_175a_4383_b0f2_ef88b831eba9.5,Point,153.3137335,-27.89127762,geom,SHELTER_BUS,
Feature,ckan_be880d63_175a_4383_b0f2_ef88b831eba9.6,Point,153.4493096,-28.08662581,geom,SHELTER_BUS,
Feature,ckan_be880d63_175a_4383_b0f2_ef88b831eba9.7,Point,153.2898279,-27.81554016,geom,SHELTER_BUS,
Feature,ckan_be880d63_175a_4383_b0f2_ef88b831eba9.8,Point,153.3856641,-27.89993126,geom,SHELTER_BUS,
Feature,ckan_be880d63_175a_4383_b0f2_ef88b831eba9.9,Point,153.3168243,-27.98728305,geom,SHELTER_BUS,
Feature,ckan_be880d63_175a_4383_b0f2_ef88b831eba9.10,Point,153.4152685,-28.09925318,geom,SHELTER_BUS,
Feature,ckan_be880d63_175a_4383_b0f2_ef88b831eba9.11,Point,153.4200628,-28.09572959,geom,SHELTER_BUS,
Feature,ckan_be880d63_175a_4383_b0f2_ef88b831eba9.12,Point,153.3887844,-28.13481685,geom,SHELTER_BUS,
Feature,ckan_be880d63_175a_4383_b0f2_ef88b831eba9.13,Point,153.3539598,-27.8411911,geom,SHELTER_BUS,
Feature,ckan_be880d63_175a_4383_b0f2_ef88b831eba9.14,Point,153.3913752,-28.0013629,geom,SHELTER_BUS,
Feature,ckan_be880d63_175a_4383_b0f2_ef88b831eba9.15,Point,153.3402613,-27.98471169,geom,SHELTER_BUS,
Feature,ckan_be880d63_175a_4383_b0f2_ef88b831eba9.16,Point,153.4013242,-27.90021436,geom,SHELTER_BUS,
Feature,ckan_be880d63_175a_4383_b0f2_ef88b831eba9.17,Point,153.4040057,-27.91707041,geom,SHELTER_BUS,
Feature,ckan_be880d63_175a_4383_b0f2_ef88b831eba9.18,Point,153.4746955,-28.13408127,geom,SHELTER_BUS,
Feature,ckan_be880d63_175a_4383_b0f2_ef88b831eba9.19,Point,153.4720089,-28.1212839,geom,SHELTER_BUS,
Feature,ckan_be880d63_175a_4383_b0f2_ef88b831eba9.20,Point,153.3127412,-27.89057931,geom,SHELTER_BUS,
Feature,ckan_be880d63_175a_4383_b0f2_ef88b831eba9.21,Point,153.3863206,-27.94368678,geom,SHELTER_BUS,
Feature,ckan_be880d63_175a_4383_b0f2_ef88b831eba9.22,Point,153.3528548,-28.07985433,geom,SHELTER_BUS,
Feature,ckan_be880d63_175a_4383_b0f2_ef88b831eba9.23,Point,153.4188,-28.01312449,geom,SHELTER_BUS,
Feature,ckan_be880d63_175a_4383_b0f2_ef88b831eba9.24,Point,153.4066433,-27.9505548,geom,SHELTER_BUS,
Feature,ckan_be880d63_175a_4383_b0f2_ef88b831eba9.25,Point,153.4136248,-28.03613707,geom,SHELTER_BUS,
Feature,ckan_be880d63_175a_4383_b0f2_ef88b831eba9.26,Point,153.3827067,-27.90493995,geom,SHELTER_BUS,
Feature,ckan_be880d63_175a_4383_b0f2_ef88b831eba9.27,Point,153.4035238,-27.98844512,geom,SHELTER_BUS,
Feature,ckan_be880d63_175a_4383_b0f2_ef88b831eba9.28,Point,153.3839846,-27.97457715,geom,SHELTER_BUS,
Feature,ckan_be880d63_175a_4383_b0f2_ef88b831eba9.29,Point,153.4280277,-28.0067835,geom,SHELTER_BUS,
Feature,ckan_be880d63_175a_4383_b0f2_ef88b831eba9.30,Point,153.3452698,-27.99430368,geom,SHELTER_BUS,
Feature,ckan_be880d63_175a_4383_b0f2_ef88b831eba9.31,Point,153.3089047,-28.00429642,geom,SHELTER_BUS,
Feature,ckan_be880d63_175a_4383_b0f2_ef88b831eba9.32,Point,153.3360109,-27.91853412,geom,SHELTER_BUS,
Feature,ckan_be880d63_175a_4383_b0f2_ef88b831eba9.33,Point,153.3998787,-27.9491959,geom,SHELTER_BUS,
Feature,ckan_be880d63_175a_4383_b0f2_ef88b831eba9.34,Point,153.3879867,-27.91348247,geom,SHELTER_BUS,
Feature,ckan_be880d63_175a_4383_b0f2_ef88b831eba9.35,Point,153.3393757,-27.99874799,geom,SHELTER_BUS,
Feature,ckan_be880d63_175a_4383_b0f2_ef88b831eba9.36,Point,153.3948245,-27.96566433,geom,SHELTER_BUS,
Feature,ckan_be880d63_175a_4383_b0f2_ef88b831eba9.37,Point,153.3957215,-27.94359871,geom,SHELTER_BUS,
Feature,ckan_be880d63_175a_4383_b0f2_ef88b831eba9.38,Point,153.4279854,-27.99308256,geom,SHELTER_BUS,
Feature,ckan_be880d63_175a_4383_b0f2_ef88b831eba9.39,Point,153.4314656,-28.02681666,geom,SHELTER_BUS,
Feature,ckan_be880d63_175a_4383_b0f2_ef88b831eba9.40,Point,153.3992701,-27.95245331,geom,SHELTER_BUS,
Feature,ckan_be880d63_175a_4383_b0f2_ef88b831eba9.41,Point,153.4107336,-27.95830901,geom,SHELTER_BUS,
Feature,ckan_be880d63_175a_4383_b0f2_ef88b831eba9.42,Point,153.4147199,-28.06728057,geom,SHELTER_BUS,
Feature,ckan_be880d63_175a_4383_b0f2_ef88b831eba9.43,Point,153.3557072,-27.87166668,geom,SHELTER_BUS,
Feature,ckan_be880d63_175a_4383_b0f2_ef88b831eba9.44,Point,153.5282168,-28.16768093,geom,SHELTER_BUS,
Feature,ckan_be880d63_175a_4383_b0f2_ef88b831eba9.45,Point,153.3574189,-28.02578156,geom,SHELTER_BUS,
Feature,ckan_be880d63_175a_4383_b0f2_ef88b831eba9.46,Point,153.4461119,-28.0782207,geom,SHELTER_BUS,
Feature,ckan_be880d63_175a_4383_b0f2_ef88b831eba9.47,Point,153.4417895,-28.06866588,geom,SHELTER_BUS,
Feature,ckan_be880d63_175a_4383_b0f2_ef88b831eba9.48,Point,153.3855705,-27.90008866,geom,SHELTER_BUS,
Feature,ckan_be880d63_175a_4383_b0f2_ef88b831eba9.49,Point,153.4593892,-28.13385843,geom,SHELTER_BUS,
Feature,ckan_be880d63_175a_4383_b0f2_ef88b831eba9.50,Point,153.4476402,-28.08217499,geom,SHELTER_BUS,
Feature,ckan_be880d63_175a_4383_b0f2_ef88b831eba9.51,Point,153.2471707,-28.04183193,geom,SHELTER_BUS,
Feature,ckan_be880d63_175a_4383_b0f2_ef88b831eba9.52,Point,153.3344626,-28.01506787,geom,SHELTER_BUS,
Feature,ckan_be880d63_175a_4383_b0f2_ef88b831eba9.53,Point,153.5001655,-28.14926528,geom,SHELTER_BUS,
Feature,ckan_be880d63_175a_4383_b0f2_ef88b831eba9.54,Point,153.4633515,-28.10414995,geom,SHELTER_BUS,
Feature,ckan_be880d63_175a_4383_b0f2_ef88b831eba9.55,Point,153.3884643,-27.89153215,geom,SHELTER_BUS,
Feature,ckan_be880d63_175a_4383_b0f2_ef88b831eba9.56,Point,153.409835,-27.98438814,geom,SHELTER_BUS,
Feature,ckan_be880d63_175a_4383_b0f2_ef88b831eba9.57,Point,153.4076547,-27.93909614,geom,SHELTER_BUS,
Feature,ckan_be880d63_175a_4383_b0f2_ef88b831eba9.58,Point,153.4723362,-28.13395648,geom,SHELTER_BUS,
Feature,ckan_be880d63_175a_4383_b0f2_ef88b831eba9.59,Point,153.4535545,-28.09079186,geom,SHELTER_BUS,
Feature,ckan_be880d63_175a_4383_b0f2_ef88b831eba9.60,Point,153.3998263,-27.94205732,geom,SHELTER_BUS,
Feature,ckan_be880d63_175a_4383_b0f2_ef88b831eba9.61,Point,153.5307271,-28.16760038,geom,SHELTER_BUS,
Feature,ckan_be880d63_175a_4383_b0f2_ef88b831eba9.62,Point,153.3060044,-27.87021339,geom,SHELTER_BUS,
Feature,ckan_be880d63_175a_4383_b0f2_ef88b831eba9.63,Point,153.482855,-28.13302463,geom,SHELTER_BUS,
Feature,ckan_be880d63_175a_4383_b0f2_ef88b831eba9.64,Point,153.4061804,-27.98649187,geom,SHELTER_BUS,
Feature,ckan_be880d63_175a_4383_b0f2_ef88b831eba9.65,Point,153.4062751,-27.98662453,geom,SHELTER_BUS,
Feature,ckan_be880d63_175a_4383_b0f2_ef88b831eba9.66,Point,153.442981,-28.09556021,geom,SHELTER_BUS,
Feature,ckan_be880d63_175a_4383_b0f2_ef88b831eba9.67,Point,153.3361292,-28.05336675,geom,SHELTER_BUS,
Feature,ckan_be880d63_175a_4383_b0f2_ef88b831eba9.68,Point,153.3155325,-27.89942283,geom,SHELTER_BUS,
Feature,ckan_be880d63_175a_4383_b0f2_ef88b831eba9.69,Point,153.4053335,-28.06419796,geom,SHELTER_BUS,
Feature,ckan_be880d63_175a_4383_b0f2_ef88b831eba9.70,Point,153.3340838,-27.91598873,geom,SHELTER_BUS,
Feature,ckan_be880d63_175a_4383_b0f2_ef88b831eba9.71,Point,153.2299549,-27.97468445,geom,SHELTER_BUS,
Feature,ckan_be880d63_175a_4383_b0f2_ef88b831eba9.72,Point,153.3565132,-27.92370281,geom,SHELTER_BUS,
Feature,ckan_be880d63_175a_4383_b0f2_ef88b831eba9.73,Point,153.3824856,-27.94462025,geom,SHELTER_BUS,
Feature,ckan_be880d63_175a_4383_b0f2_ef88b831eba9.74,Point,153.3201732,-27.90187943,geom,SHELTER_BUS,
Feature,ckan_be880d63_175a_4383_b0f2_ef88b831eba9.75,Point,153.3419054,-28.02356713,geom,SHELTER_BUS,
Feature,ckan_be880d63_175a_4383_b0f2_ef88b831eba9.76,Point,153.3955269,-28.20496775,geom,SHELTER_BUS,
Feature,ckan_be880d63_175a_4383_b0f2_ef88b831eba9.77,Point,153.3879652,-27.99681585,geom,SHELTER_BUS,
Feature,ckan_be880d63_175a_4383_b0f2_ef88b831eba9.78,Point,153.4266502,-27.9618572,geom,SHELTER_BUS,
Feature,ckan_be880d63_175a_4383_b0f2_ef88b831eba9.79,Point,153.3887178,-27.89117104,geom,SHELTER_BUS,
Feature,ckan_be880d63_175a_4383_b0f2_ef88b831eba9.80,Point,153.4303699,-28.08562814,geom,SHELTER_BUS,
Feature,ckan_be880d63_175a_4383_b0f2_ef88b831eba9.81,Point,153.417322,-27.9977604,geom,SHELTER_BUS,
Feature,ckan_be880d63_175a_4383_b0f2_ef88b831eba9.82,Point,153.387467,-27.98696924,geom,SHELTER_BUS,
Feature,ckan_be880d63_175a_4383_b0f2_ef88b831eba9.83,Point,153.4312947,-28.02675989,geom,SHELTER_BUS,
Feature,ckan_be880d63_175a_4383_b0f2_ef88b831eba9.84,Point,153.3825952,-28.08656803,geom,SHELTER_BUS,
Feature,ckan_be880d63_175a_4383_b0f2_ef88b831eba9.85,Point,153.4128328,-27.99232554,geom,SHELTER_BUS,
Feature,ckan_be880d63_175a_4383_b0f2_ef88b831eba9.86,Point,153.3304463,-28.09496939,geom,SHELTER_BUS,
Feature,ckan_be880d63_175a_4383_b0f2_ef88b831eba9.87,Point,153.4289207,-28.01077116,geom,SHELTER_BUS,
Feature,ckan_be880d63_175a_4383_b0f2_ef88b831eba9.88,Point,153.3520442,-28.03558971,geom,SHELTER_BUS,
Feature,ckan_be880d63_175a_4383_b0f2_ef88b831eba9.89,Point,153.5052932,-28.15465979,geom,SHELTER_BUS,
Feature,ckan_be880d63_175a_4383_b0f2_ef88b831eba9.90,Point,153.3998646,-27.93289153,geom,SHELTER_BUS,
Feature,ckan_be880d63_175a_4383_b0f2_ef88b831eba9.91,Point,153.3672362,-27.98418572,geom,SHELTER_BUS,
Feature,ckan_be880d63_175a_4383_b0f2_ef88b831eba9.92,Point,153.2756398,-27.89680416,geom,SHELTER_BUS,
Feature,ckan_be880d63_175a_4383_b0f2_ef88b831eba9.93,Point,153.4304937,-28.03136665,geom,SHELTER_BUS,
Feature,ckan_be880d63_175a_4383_b0f2_ef88b831eba9.94,Point,153.3152289,-27.94414687,geom,SHELTER_BUS,
Feature,ckan_be880d63_175a_4383_b0f2_ef88b831eba9.95,Point,153.3193685,-28.00092211,geom,SHELTER_BUS,
Feature,ckan_be880d63_175a_4383_b0f2_ef88b831eba9.96,Point,153.3393721,-27.99744816,geom,SHELTER_BUS,
Feature,ckan_be880d63_175a_4383_b0f2_ef88b831eba9.97,Point,153.4312742,-28.01770958,geom,SHELTER_BUS,
Feature,ckan_be880d63_175a_4383_b0f2_ef88b831eba9.98,Point,153.4186658,-28.04594842,geom,SHELTER_BUS,
Feature,ckan_be880d63_175a_4383_b0f2_ef88b831eba9.99,Point,153.4247565,-27.98066324,geom,SHELTER_BUS,
Feature,ckan_be880d63_175a_4383_b0f2_ef88b831eba9.100,Point,153.3847535,-27.89579771,geom,SHELTER_BUS,
Feature,ckan_be880d63_175a_4383_b0f2_ef88b831eba9.101,Point,153.4281583,-28.00702966,geom,SHELTER_BUS,
Feature,ckan_be880d63_175a_4383_b0f2_ef88b831eba9.102,Point,153.4300566,-28.06114414,geom,SHELTER_BUS,
Feature,ckan_be880d63_175a_4383_b0f2_ef88b831eba9.103,Point,153.315034,-27.89315385,geom,SHELTER_BUS,
Feature,ckan_be880d63_175a_4383_b0f2_ef88b831eba9.104,Point,153.2560925,-27.78784934,geom,SHELTER_BUS,
Feature,ckan_be880d63_175a_4383_b0f2_ef88b831eba9.105,Point,153.2003018,-27.75586619,geom,SHELTER_BUS,
Feature,ckan_be880d63_175a_4383_b0f2_ef88b831eba9.106,Point,153.4370648,-28.0699421,geom,SHELTER_BUS,
Feature,ckan_be880d63_175a_4383_b0f2_ef88b831eba9.107,Point,153.4379493,-28.05886081,geom,SHELTER_BUS,
Feature,ckan_be880d63_175a_4383_b0f2_ef88b831eba9.108,Point,153.399019,-27.91210831,geom,SHELTER_BUS,
Feature,ckan_be880d63_175a_4383_b0f2_ef88b831eba9.109,Point,153.3877337,-27.95448821,geom,SHELTER_BUS,
Feature,ckan_be880d63_175a_4383_b0f2_ef88b831eba9.110,Point,153.4056669,-28.06428217,geom,SHELTER_BUS,
Feature,ckan_be880d63_175a_4383_b0f2_ef88b831eba9.111,Point,153.4313488,-28.12293516,geom,SHELTER_BUS,
Feature,ckan_be880d63_175a_4383_b0f2_ef88b831eba9.112,Point,153.429458,-27.99357454,geom,SHELTER_BUS,
Feature,ckan_be880d63_175a_4383_b0f2_ef88b831eba9.113,Point,153.5157918,-28.16373155,geom,SHELTER_BUS,
Feature,ckan_be880d63_175a_4383_b0f2_ef88b831eba9.114,Point,153.3988329,-27.95492618,geom,SHELTER_BUS,
Feature,ckan_be880d63_175a_4383_b0f2_ef88b831eba9.115,Point,153.4075157,-28.08764537,geom,SHELTER_BUS,
Feature,ckan_be880d63_175a_4383_b0f2_ef88b831eba9.116,Point,153.4592546,-28.15273999,geom,SHELTER_BUS,
Feature,ckan_be880d63_175a_4383_b0f2_ef88b831eba9.117,Point,153.3885479,-27.91120681,geom,SHELTER_BUS,
Feature,ckan_be880d63_175a_4383_b0f2_ef88b831eba9.118,Point,153.4865438,-28.12865426,geom,SHELTER_BUS,
Feature,ckan_be880d63_175a_4383_b0f2_ef88b831eba9.119,Point,153.3627732,-27.8452602,geom,SHELTER_BUS,
Feature,ckan_be880d63_175a_4383_b0f2_ef88b831eba9.120,Point,153.4281454,-27.97593211,geom,SHELTER_BUS,
Feature,ckan_be880d63_175a_4383_b0f2_ef88b831eba9.121,Point,153.4076589,-27.94063685,geom,SHELTER_BUS,
Feature,ckan_be880d63_175a_4383_b0f2_ef88b831eba9.122,Point,153.5099341,-28.15898004,geom,SHELTER_BUS,
Feature,ckan_be880d63_175a_4383_b0f2_ef88b831eba9.123,Point,153.3908858,-27.99634584,geom,SHELTER_BUS,
Feature,ckan_be880d63_175a_4383_b0f2_ef88b831eba9.124,Point,153.379165,-27.92436589,geom,SHELTER_BUS,
Feature,ckan_be880d63_175a_4383_b0f2_ef88b831eba9.125,Point,153.3536053,-28.01833144,geom,SHELTER_BUS,
Feature,ckan_be880d63_175a_4383_b0f2_ef88b831eba9.126,Point,153.2547796,-27.83851087,geom,SHELTER_BUS,
Feature,ckan_be880d63_175a_4383_b0f2_ef88b831eba9.127,Point,153.4279854,-27.99308256,geom,SHELTER_BUS,
Feature,ckan_be880d63_175a_4383_b0f2_ef88b831eba9.128,Point,153.3813442,-27.98881706,geom,SHELTER_BUS,
Feature,ckan_be880d63_175a_4383_b0f2_ef88b831eba9.129,Point,153.3909773,-27.98748278,geom,SHELTER_BUS,
Feature,ckan_be880d63_175a_4383_b0f2_ef88b831eba9.130,Point,153.4078405,-27.94117531,geom,SHELTER_BUS,
Feature,ckan_be880d63_175a_4383_b0f2_ef88b831eba9.131,Point,153.4073708,-27.9391107,geom,SHELTER_BUS,
Feature,ckan_be880d63_175a_4383_b0f2_ef88b831eba9.132,Point,153.3606202,-27.92864737,geom,SHELTER_BUS,
Feature,ckan_be880d63_175a_4383_b0f2_ef88b831eba9.133,Point,153.4586708,-28.15594545,geom,SHELTER_BUS,
Feature,ckan_be880d63_175a_4383_b0f2_ef88b831eba9.134,Point,153.30314,-27.8736016,geom,SHELTER_BUS,
Feature,ckan_be880d63_175a_4383_b0f2_ef88b831eba9.135,Point,153.4265519,-28.00090304,geom,SHELTER_BUS,
Feature,ckan_be880d63_175a_4383_b0f2_ef88b831eba9.136,Point,153.3919962,-27.95090046,geom,SHELTER_BUS,
Feature,ckan_be880d63_175a_4383_b0f2_ef88b831eba9.137,Point,153.4461464,-28.07801093,geom,SHELTER_BUS,
Feature,ckan_be880d63_175a_4383_b0f2_ef88b831eba9.138,Point,153.2924753,-27.86227512,geom,SHELTER_BUS,
Feature,ckan_be880d63_175a_4383_b0f2_ef88b831eba9.139,Point,153.4011439,-27.90049062,geom,SHELTER_BUS,
Feature,ckan_be880d63_175a_4383_b0f2_ef88b831eba9.140,Point,153.3119659,-27.86913836,geom,SHELTER_BUS,
Feature,ckan_be880d63_175a_4383_b0f2_ef88b831eba9.141,Point,153.3525147,-28.01647836,geom,SHELTER_BUS,
Feature,ckan_be880d63_175a_4383_b0f2_ef88b831eba9.142,Point,153.3629351,-27.99128856,geom,SHELTER_BUS,
Feature,ckan_be880d63_175a_4383_b0f2_ef88b831eba9.143,Point,153.353702,-27.95721114,geom,SHELTER_BUS,
Feature,ckan_be880d63_175a_4383_b0f2_ef88b831eba9.144,Point,153.4034368,-27.98103654,geom,SHELTER_BUS,
Feature,ckan_be880d63_175a_4383_b0f2_ef88b831eba9.145,Point,153.2597045,-27.78744366,geom,SHELTER_BUS,
Feature,ckan_be880d63_175a_4383_b0f2_ef88b831eba9.146,Point,153.4085608,-27.95458284,geom,SHELTER_BUS,
Feature,ckan_be880d63_175a_4383_b0f2_ef88b831eba9.147,Point,153.4375915,-28.05564112,geom,SHELTER_BUS,
Feature,ckan_be880d63_175a_4383_b0f2_ef88b831eba9.148,Point,153.3066914,-27.89914901,geom,SHELTER_BUS,
Feature,ckan_be880d63_175a_4383_b0f2_ef88b831eba9.149,Point,153.4310337,-28.02092604,geom,SHELTER_BUS,
Feature,ckan_be880d63_175a_4383_b0f2_ef88b831eba9.150,Point,153.492827,-28.14147913,geom,SHELTER_BUS,
Feature,ckan_be880d63_175a_4383_b0f2_ef88b831eba9.151,Point,153.4050522,-28.03278083,geom,SHELTER_BUS,
Feature,ckan_be880d63_175a_4383_b0f2_ef88b831eba9.152,Point,153.4508025,-28.08838209,geom,SHELTER_BUS,
Feature,ckan_be880d63_175a_4383_b0f2_ef88b831eba9.153,Point,153.4153134,-28.09855287,geom,SHELTER_BUS,
Feature,ckan_be880d63_175a_4383_b0f2_ef88b831eba9.154,Point,153.3955639,-27.96176675,geom,SHELTER_BUS,
Feature,ckan_be880d63_175a_4383_b0f2_ef88b831eba9.155,Point,153.4045243,-27.9202962,geom,SHELTER_BUS,
Feature,ckan_be880d63_175a_4383_b0f2_ef88b831eba9.156,Point,153.3868397,-27.94029059,geom,SHELTER_BUS,
Feature,ckan_be880d63_175a_4383_b0f2_ef88b831eba9.157,Point,153.3389398,-28.00372134,geom,SHELTER_BUS,
Feature,ckan_be880d63_175a_4383_b0f2_ef88b831eba9.158,Point,153.5398209,-28.16867672,geom,SHELTER_BUS,
Feature,ckan_be880d63_175a_4383_b0f2_ef88b831eba9.159,Point,153.4288052,-27.97778134,geom,SHELTER_BUS,
Feature,ckan_be880d63_175a_4383_b0f2_ef88b831eba9.160,Point,153.3451431,-28.02144088,geom,SHELTER_BUS,
Feature,ckan_be880d63_175a_4383_b0f2_ef88b831eba9.161,Point,153.4311357,-28.02407907,geom,SHELTER_BUS,
Feature,ckan_be880d63_175a_4383_b0f2_ef88b831eba9.162,Point,153.5149757,-28.16305241,geom,SHELTER_BUS,
Feature,ckan_be880d63_175a_4383_b0f2_ef88b831eba9.163,Point,153.303463,-27.92308782,geom,SHELTER_BUS,
Feature,ckan_be880d63_175a_4383_b0f2_ef88b831eba9.164,Point,153.473025,-28.12164086,geom,SHELTER_BUS,
Feature,ckan_be880d63_175a_4383_b0f2_ef88b831eba9.165,Point,153.4499938,-28.08719053,geom,SHELTER_BUS,
Feature,ckan_be880d63_175a_4383_b0f2_ef88b831eba9.166,Point,153.4483702,-28.08414569,geom,SHELTER_BUS,
Feature,ckan_be880d63_175a_4383_b0f2_ef88b831eba9.167,Point,153.4242531,-28.08593238,geom,SHELTER_BUS,
Feature,ckan_be880d63_175a_4383_b0f2_ef88b831eba9.168,Point,153.4135885,-28.07628566,geom,SHELTER_BUS,
Feature,ckan_be880d63_175a_4383_b0f2_ef88b831eba9.169,Point,153.4448609,-28.07511079,geom,SHELTER_BUS,
Feature,ckan_be880d63_175a_4383_b0f2_ef88b831eba9.170,Point,153.3246438,-27.92698628,geom,SHELTER_BUS,
Feature,ckan_be880d63_175a_4383_b0f2_ef88b831eba9.171,Point,153.3878888,-27.93779608,geom,SHELTER_BUS,
Feature,ckan_be880d63_175a_4383_b0f2_ef88b831eba9.172,Point,153.2998088,-27.85173775,geom,SHELTER_BUS,
Feature,ckan_be880d63_175a_4383_b0f2_ef88b831eba9.173,Point,153.3872002,-27.9400921,geom,SHELTER_BUS,
Feature,ckan_be880d63_175a_4383_b0f2_ef88b831eba9.174,Point,153.3823553,-27.93282826,geom,SHELTER_BUS,
Feature,ckan_be880d63_175a_4383_b0f2_ef88b831eba9.175,Point,153.4059253,-27.94680308,geom,SHELTER_BUS,
Feature,ckan_be880d63_175a_4383_b0f2_ef88b831eba9.176,Point,153.3277385,-27.99944364,geom,SHELTER_BUS,
Feature,ckan_be880d63_175a_4383_b0f2_ef88b831eba9.177,Point,153.4113028,-27.97685806,geom,SHELTER_BUS,
Feature,ckan_be880d63_175a_4383_b0f2_ef88b831eba9.178,Point,153.4122069,-27.98785437,geom,SHELTER_BUS,
Feature,ckan_be880d63_175a_4383_b0f2_ef88b831eba9.179,Point,153.5020736,-28.15141837,geom,SHELTER_BUS,
Feature,ckan_be880d63_175a_4383_b0f2_ef88b831eba9.180,Point,153.3875412,-28.0799373,geom,SHELTER_BUS,
Feature,ckan_be880d63_175a_4383_b0f2_ef88b831eba9.181,Point,153.5048393,-28.15444676,geom,SHELTER_BUS,
Feature,ckan_be880d63_175a_4383_b0f2_ef88b831eba9.182,Point,153.3723692,-27.87816918,geom,SHELTER_BUS,
Feature,ckan_be880d63_175a_4383_b0f2_ef88b831eba9.183,Point,153.3270378,-27.89917155,geom,SHELTER_BUS,
Feature,ckan_be880d63_175a_4383_b0f2_ef88b831eba9.184,Point,153.3765594,-27.92629943,geom,SHELTER_BUS,
Feature,ckan_be880d63_175a_4383_b0f2_ef88b831eba9.185,Point,153.3819004,-28.03408712,geom,SHELTER_BUS,
Feature,ckan_be880d63_175a_4383_b0f2_ef88b831eba9.186,Point,153.4140575,-28.00206407,geom,SHELTER_BUS,
Feature,ckan_be880d63_175a_4383_b0f2_ef88b831eba9.187,Point,153.3026745,-27.8434285,geom,SHELTER_BUS,
Feature,ckan_be880d63_175a_4383_b0f2_ef88b831eba9.188,Point,153.4725281,-28.13401051,geom,SHELTER_BUS,
Feature,ckan_be880d63_175a_4383_b0f2_ef88b831eba9.189,Point,153.4195971,-28.06440962,geom,SHELTER_BUS,
Feature,ckan_be880d63_175a_4383_b0f2_ef88b831eba9.190,Point,153.3260542,-27.90995078,geom,SHELTER_BUS,
Feature,ckan_be880d63_175a_4383_b0f2_ef88b831eba9.191,Point,153.4111481,-27.96063722,geom,SHELTER_BUS,
Feature,ckan_be880d63_175a_4383_b0f2_ef88b831eba9.192,Point,153.430811,-28.02324705,geom,SHELTER_BUS,
Feature,ckan_be880d63_175a_4383_b0f2_ef88b831eba9.193,Point,153.4169338,-27.96816647,geom,SHELTER_BUS,
Feature,ckan_be880d63_175a_4383_b0f2_ef88b831eba9.194,Point,153.4042185,-27.98405015,geom,SHELTER_BUS,
Feature,ckan_be880d63_175a_4383_b0f2_ef88b831eba9.195,Point,153.3948107,-27.97603624,geom,SHELTER_BUS,
Feature,ckan_be880d63_175a_4383_b0f2_ef88b831eba9.196,Point,153.3182621,-28.1150605,geom,SHELTER_BUS,
Feature,ckan_be880d63_175a_4383_b0f2_ef88b831eba9.197,Point,153.4296409,-27.99498562,geom,SHELTER_BUS,
Feature,ckan_be880d63_175a_4383_b0f2_ef88b831eba9.198,Point,153.4025299,-28.05073817,geom,SHELTER_BUS,
Feature,ckan_be880d63_175a_4383_b0f2_ef88b831eba9.199,Point,153.4365993,-28.0513525,geom,SHELTER_BUS,
Feature,ckan_be880d63_175a_4383_b0f2_ef88b831eba9.200,Point,153.3209526,-27.92278617,geom,SHELTER_BUS,
Feature,ckan_be880d63_175a_4383_b0f2_ef88b831eba9.201,Point,153.2952098,-27.86754757,geom,SHELTER_BUS,
Feature,ckan_be880d63_175a_4383_b0f2_ef88b831eba9.202,Point,153.3843364,-27.97286162,geom,SHELTER_BUS,
Feature,ckan_be880d63_175a_4383_b0f2_ef88b831eba9.203,Point,153.3109146,-28.03981181,geom,SHELTER_BUS,
Feature,ckan_be880d63_175a_4383_b0f2_ef88b831eba9.204,Point,153.3905115,-28.00471872,geom,SHELTER_BUS,
Feature,ckan_be880d63_175a_4383_b0f2_ef88b831eba9.205,Point,153.3362585,-27.91879009,geom,SHELTER_BUS,
Feature,ckan_be880d63_175a_4383_b0f2_ef88b831eba9.206,Point,153.3907177,-28.09340242,geom,SHELTER_BUS,
Feature,ckan_be880d63_175a_4383_b0f2_ef88b831eba9.207,Point,153.3631059,-27.98610249,geom,SHELTER_BUS,
Feature,ckan_be880d63_175a_4383_b0f2_ef88b831eba9.208,Point,153.3708079,-28.01691426,geom,SHELTER_BUS,
Feature,ckan_be880d63_175a_4383_b0f2_ef88b831eba9.209,Point,153.3981651,-27.92785214,geom,SHELTER_BUS,
Feature,ckan_be880d63_175a_4383_b0f2_ef88b831eba9.210,Point,153.3882066,-27.94651438,geom,SHELTER_BUS,
Feature,ckan_be880d63_175a_4383_b0f2_ef88b831eba9.211,Point,153.4062171,-27.94904981,geom,SHELTER_BUS,
Feature,ckan_be880d63_175a_4383_b0f2_ef88b831eba9.212,Point,153.2818966,-27.72276258,geom,SHELTER_BUS,
Feature,ckan_be880d63_175a_4383_b0f2_ef88b831eba9.213,Point,153.5190945,-28.16561225,geom,SHELTER_BUS,
Feature,ckan_be880d63_175a_4383_b0f2_ef88b831eba9.214,Point,153.3949934,-28.08523101,geom,SHELTER_BUS,
Feature,ckan_be880d63_175a_4383_b0f2_ef88b831eba9.215,Point,153.362476,-27.92723127,geom,SHELTER_BUS,
Feature,ckan_be880d63_175a_4383_b0f2_ef88b831eba9.216,Point,153.4221957,-27.97984034,geom,SHELTER_BUS,
Feature,ckan_be880d63_175a_4383_b0f2_ef88b831eba9.217,Point,153.4414918,-28.06829987,geom,SHELTER_BUS,
Feature,ckan_be880d63_175a_4383_b0f2_ef88b831eba9.218,Point,153.381619,-27.92282,geom,SHELTER_BUS,
Feature,ckan_be880d63_175a_4383_b0f2_ef88b831eba9.219,Point,153.4016713,-28.00960411,geom,SHELTER_BUS,
Feature,ckan_be880d63_175a_4383_b0f2_ef88b831eba9.220,Point,153.4270118,-28.00403664,geom,SHELTER_BUS,
Feature,ckan_be880d63_175a_4383_b0f2_ef88b831eba9.221,Point,153.424473,-28.08620986,geom,SHELTER_BUS,
Feature,ckan_be880d63_175a_4383_b0f2_ef88b831eba9.222,Point,153.3819737,-27.99987769,geom,SHELTER_BUS,
Feature,ckan_be880d63_175a_4383_b0f2_ef88b831eba9.223,Point,153.4020826,-28.10161997,geom,SHELTER_BUS,
Feature,ckan_be880d63_175a_4383_b0f2_ef88b831eba9.224,Point,153.4097625,-28.03233248,geom,SHELTER_BUS,
Feature,ckan_be880d63_175a_4383_b0f2_ef88b831eba9.225,Point,153.3928516,-27.99531505,geom,SHELTER_BUS,
Feature,ckan_be880d63_175a_4383_b0f2_ef88b831eba9.226,Point,153.3952279,-27.88725867,geom,SHELTER_BUS,
Feature,ckan_be880d63_175a_4383_b0f2_ef88b831eba9.227,Point,153.4554399,-28.097399,geom,SHELTER_BUS,
Feature,ckan_be880d63_175a_4383_b0f2_ef88b831eba9.228,Point,153.4110325,-27.97702656,geom,SHELTER_BUS,
Feature,ckan_be880d63_175a_4383_b0f2_ef88b831eba9.229,Point,153.4313746,-28.0137977,geom,SHELTER_BUS,
Feature,ckan_be880d63_175a_4383_b0f2_ef88b831eba9.230,Point,153.4358782,-28.04849153,geom,SHELTER_BUS,
Feature,ckan_be880d63_175a_4383_b0f2_ef88b831eba9.231,Point,153.395699,-27.89054431,geom,SHELTER_BUS,
Feature,ckan_be880d63_175a_4383_b0f2_ef88b831eba9.232,Point,153.4616062,-28.13998409,geom,SHELTER_BUS,
Feature,ckan_be880d63_175a_4383_b0f2_ef88b831eba9.233,Point,153.3505874,-27.95603146,geom,SHELTER_BUS,
Feature,ckan_be880d63_175a_4383_b0f2_ef88b831eba9.234,Point,153.3988899,-28.07149299,geom,SHELTER_BUS,
Feature,ckan_be880d63_175a_4383_b0f2_ef88b831eba9.235,Point,153.3828218,-27.99433232,geom,SHELTER_BUS,
Feature,ckan_be880d63_175a_4383_b0f2_ef88b831eba9.236,Point,153.3843459,-27.9727587,geom,SHELTER_BUS,
Feature,ckan_be880d63_175a_4383_b0f2_ef88b831eba9.237,Point,153.3990664,-27.96229618,geom,SHELTER_BUS,
Feature,ckan_be880d63_175a_4383_b0f2_ef88b831eba9.238,Point,153.4351789,-28.07945146,geom,SHELTER_BUS,
Feature,ckan_be880d63_175a_4383_b0f2_ef88b831eba9.239,Point,153.3838109,-27.97672162,geom,SHELTER_BUS,
Feature,ckan_be880d63_175a_4383_b0f2_ef88b831eba9.240,Point,153.4139485,-28.0364721,geom,SHELTER_BUS,
Feature,ckan_be880d63_175a_4383_b0f2_ef88b831eba9.241,Point,153.3472817,-27.99597073,geom,SHELTER_BUS,
Feature,ckan_be880d63_175a_4383_b0f2_ef88b831eba9.242,Point,153.3880453,-28.07395882,geom,SHELTER_BUS,
Feature,ckan_be880d63_175a_4383_b0f2_ef88b831eba9.243,Point,153.3197146,-27.88552914,geom,SHELTER_BUS,
Feature,ckan_be880d63_175a_4383_b0f2_ef88b831eba9.244,Point,153.3830899,-28.07805341,geom,SHELTER_BUS,
Feature,ckan_be880d63_175a_4383_b0f2_ef88b831eba9.245,Point,153.4261914,-28.04810054,geom,SHELTER_BUS,
Feature,ckan_be880d63_175a_4383_b0f2_ef88b831eba9.246,Point,153.375854,-27.95742121,geom,SHELTER_BUS,
Feature,ckan_be880d63_175a_4383_b0f2_ef88b831eba9.247,Point,153.4096362,-28.04779189,geom,SHELTER_BUS,
Feature,ckan_be880d63_175a_4383_b0f2_ef88b831eba9.248,Point,153.3656456,-27.94500662,geom,SHELTER_BUS,
Feature,ckan_be880d63_175a_4383_b0f2_ef88b831eba9.249,Point,153.3661251,-27.945229,geom,SHELTER_BUS,
Feature,ckan_be880d63_175a_4383_b0f2_ef88b831eba9.250,Point,153.4128558,-28.00611166,geom,SHELTER_BUS,
Feature,ckan_be880d63_175a_4383_b0f2_ef88b831eba9.251,Point,153.4264234,-28.0021075,geom,SHELTER_BUS,
Feature,ckan_be880d63_175a_4383_b0f2_ef88b831eba9.252,Point,153.420843,-27.9981318,geom,SHELTER_BUS,
Feature,ckan_be880d63_175a_4383_b0f2_ef88b831eba9.253,Point,153.3372558,-27.91646161,geom,SHELTER_BUS,
Feature,ckan_be880d63_175a_4383_b0f2_ef88b831eba9.254,Point,153.4290246,-27.98258629,geom,SHELTER_BUS,
Feature,ckan_be880d63_175a_4383_b0f2_ef88b831eba9.255,Point,153.420079,-28.03565358,geom,SHELTER_BUS,
Feature,ckan_be880d63_175a_4383_b0f2_ef88b831eba9.256,Point,153.4097301,-27.95746,geom,SHELTER_BUS,
Feature,ckan_be880d63_175a_4383_b0f2_ef88b831eba9.257,Point,153.4705416,-28.117652,geom,SHELTER_BUS,
Feature,ckan_be880d63_175a_4383_b0f2_ef88b831eba9.258,Point,153.4276987,-28.00771548,geom,SHELTER_BUS,
Feature,ckan_be880d63_175a_4383_b0f2_ef88b831eba9.259,Point,153.3314593,-28.00437097,geom,SHELTER_BUS,
Feature,ckan_be880d63_175a_4383_b0f2_ef88b831eba9.260,Point,153.3104815,-27.90042386,geom,SHELTER_BUS,
Feature,ckan_be880d63_175a_4383_b0f2_ef88b831eba9.261,Point,153.3925983,-27.88218366,geom,SHELTER_BUS,
Feature,ckan_be880d63_175a_4383_b0f2_ef88b831eba9.262,Point,153.3861927,-27.91858732,geom,SHELTER_BUS,
Feature,ckan_be880d63_175a_4383_b0f2_ef88b831eba9.263,Point,153.3385151,-27.95282434,geom,SHELTER_BUS,
Feature,ckan_be880d63_175a_4383_b0f2_ef88b831eba9.264,Point,153.4206445,-28.1172498,geom,SHELTER_BUS,
Feature,ckan_be880d63_175a_4383_b0f2_ef88b831eba9.265,Point,153.3980963,-28.05864884,geom,SHELTER_BUS,
Feature,ckan_be880d63_175a_4383_b0f2_ef88b831eba9.266,Point,153.2729971,-27.89890641,geom,SHELTER_BUS,
Feature,ckan_be880d63_175a_4383_b0f2_ef88b831eba9.267,Point,153.4928095,-28.15549081,geom,SHELTER_BUS,
Feature,ckan_be880d63_175a_4383_b0f2_ef88b831eba9.268,Point,153.4999891,-28.14881305,geom,SHELTER_BUS,
Feature,ckan_be880d63_175a_4383_b0f2_ef88b831eba9.269,Point,153.4022661,-27.90951136,geom,SHELTER_BUS,
Feature,ckan_be880d63_175a_4383_b0f2_ef88b831eba9.270,Point,153.399825,-28.09953254,geom,SHELTER_BUS,
Feature,ckan_be880d63_175a_4383_b0f2_ef88b831eba9.271,Point,153.4040547,-27.9715015,geom,SHELTER_BUS,
Feature,ckan_be880d63_175a_4383_b0f2_ef88b831eba9.272,Point,153.3570547,-28.09744405,geom,SHELTER_BUS,
Feature,ckan_be880d63_175a_4383_b0f2_ef88b831eba9.273,Point,153.434212,-28.03584195,geom,SHELTER_BUS,
Feature,ckan_be880d63_175a_4383_b0f2_ef88b831eba9.274,Point,153.3880071,-27.93374839,geom,SHELTER_BUS,
Feature,ckan_be880d63_175a_4383_b0f2_ef88b831eba9.275,Point,153.2852819,-27.89987615,geom,SHELTER_BUS,
Feature,ckan_be880d63_175a_4383_b0f2_ef88b831eba9.276,Point,153.3415301,-27.84775402,geom,SHELTER_BUS,
Feature,ckan_be880d63_175a_4383_b0f2_ef88b831eba9.277,Point,153.3601283,-27.93552947,geom,SHELTER_BUS,
Feature,ckan_be880d63_175a_4383_b0f2_ef88b831eba9.278,Point,153.4442745,-28.07326776,geom,SHELTER_BUS,
Feature,ckan_be880d63_175a_4383_b0f2_ef88b831eba9.279,Point,153.4351693,-28.04549803,geom,SHELTER_BUS,
Feature,ckan_be880d63_175a_4383_b0f2_ef88b831eba9.280,Point,153.4099199,-28.04737597,geom,SHELTER_BUS,
Feature,ckan_be880d63_175a_4383_b0f2_ef88b831eba9.281,Point,153.3525978,-28.07341384,geom,SHELTER_BUS,
Feature,ckan_be880d63_175a_4383_b0f2_ef88b831eba9.282,Point,153.373042,-27.98258299,geom,SHELTER_BUS,
Feature,ckan_be880d63_175a_4383_b0f2_ef88b831eba9.283,Point,153.2971042,-27.89233046,geom,SHELTER_BUS,
Feature,ckan_be880d63_175a_4383_b0f2_ef88b831eba9.284,Point,153.3932037,-28.08456855,geom,SHELTER_BUS,
Feature,ckan_be880d63_175a_4383_b0f2_ef88b831eba9.285,Point,153.3382285,-27.9215643,geom,SHELTER_BUS,
Feature,ckan_be880d63_175a_4383_b0f2_ef88b831eba9.286,Point,153.4623167,-28.10193081,geom,SHELTER_BUS,
Feature,ckan_be880d63_175a_4383_b0f2_ef88b831eba9.287,Point,153.4272879,-28.07093054,geom,SHELTER_BUS,
Feature,ckan_be880d63_175a_4383_b0f2_ef88b831eba9.288,Point,153.4338261,-28.04005959,geom,SHELTER_BUS,
Feature,ckan_be880d63_175a_4383_b0f2_ef88b831eba9.289,Point,153.4067825,-28.13886249,geom,SHELTER_BUS,
Feature,ckan_be880d63_175a_4383_b0f2_ef88b831eba9.290,Point,153.3912701,-27.98782608,geom,SHELTER_BUS,
Feature,ckan_be880d63_175a_4383_b0f2_ef88b831eba9.291,Point,153.3898757,-27.97615546,geom,SHELTER_BUS,
Feature,ckan_be880d63_175a_4383_b0f2_ef88b831eba9.292,Point,153.4111273,-27.96935038,geom,SHELTER_BUS,
Feature,ckan_be880d63_175a_4383_b0f2_ef88b831eba9.293,Point,153.4944004,-28.14346151,geom,SHELTER_BUS,
Feature,ckan_be880d63_175a_4383_b0f2_ef88b831eba9.294,Point,153.4006675,-27.95682819,geom,SHELTER_BUS,
Feature,ckan_be880d63_175a_4383_b0f2_ef88b831eba9.295,Point,153.3783212,-27.98036457,geom,SHELTER_BUS,
Feature,ckan_be880d63_175a_4383_b0f2_ef88b831eba9.296,Point,153.3440641,-27.98364229,geom,SHELTER_BUS,
Feature,ckan_be880d63_175a_4383_b0f2_ef88b831eba9.297,Point,153.4071003,-27.97130452,geom,SHELTER_BUS,
Feature,ckan_be880d63_175a_4383_b0f2_ef88b831eba9.298,Point,153.3601954,-28.0478069,geom,SHELTER_BUS,
Feature,ckan_be880d63_175a_4383_b0f2_ef88b831eba9.299,Point,153.3880274,-27.90354818,geom,SHELTER_BUS,
Feature,ckan_be880d63_175a_4383_b0f2_ef88b831eba9.300,Point,153.3909918,-27.94692347,geom,SHELTER_BUS,
Feature,ckan_be880d63_175a_4383_b0f2_ef88b831eba9.301,Point,153.3961121,-27.983662,geom,SHELTER_BUS,
Feature,ckan_be880d63_175a_4383_b0f2_ef88b831eba9.302,Point,153.2975114,-27.87448852,geom,SHELTER_BUS,
Feature,ckan_be880d63_175a_4383_b0f2_ef88b831eba9.303,Point,153.4310485,-28.02005253,geom,SHELTER_BUS,
Feature,ckan_be880d63_175a_4383_b0f2_ef88b831eba9.304,Point,153.365194,-27.95891103,geom,SHELTER_BUS,
Feature,ckan_be880d63_175a_4383_b0f2_ef88b831eba9.305,Point,153.3991822,-27.89552147,geom,SHELTER_BUS,
Feature,ckan_be880d63_175a_4383_b0f2_ef88b831eba9.306,Point,153.464999,-28.1074002,geom,SHELTER_BUS,
Feature,ckan_be880d63_175a_4383_b0f2_ef88b831eba9.307,Point,153.381341,-28.01420266,geom,SHELTER_BUS,
Feature,ckan_be880d63_175a_4383_b0f2_ef88b831eba9.308,Point,153.3538245,-28.06183364,geom,SHELTER_BUS,
Feature,ckan_be880d63_175a_4383_b0f2_ef88b831eba9.309,Point,153.4207255,-28.08613338,geom,SHELTER_BUS,
Feature,ckan_be880d63_175a_4383_b0f2_ef88b831eba9.310,Point,153.402991,-28.08836938,geom,SHELTER_BUS,
Feature,ckan_be880d63_175a_4383_b0f2_ef88b831eba9.311,Point,153.3597396,-28.1026366,geom,SHELTER_BUS,
Feature,ckan_be880d63_175a_4383_b0f2_ef88b831eba9.312,Point,153.375432,-27.93143798,geom,SHELTER_BUS,
Feature,ckan_be880d63_175a_4383_b0f2_ef88b831eba9.313,Point,153.4658631,-28.10908497,geom,SHELTER_BUS,
Feature,ckan_be880d63_175a_4383_b0f2_ef88b831eba9.314,Point,153.397063,-28.00897192,geom,SHELTER_BUS,
Feature,ckan_be880d63_175a_4383_b0f2_ef88b831eba9.315,Point,153.5429648,-28.1684106,geom,SHELTER_BUS,
Feature,ckan_be880d63_175a_4383_b0f2_ef88b831eba9.316,Point,153.3525637,-28.01225573,geom,SHELTER_BUS,
Feature,ckan_be880d63_175a_4383_b0f2_ef88b831eba9.317,Point,153.4080072,-27.95405172,geom,SHELTER_BUS,
Feature,ckan_be880d63_175a_4383_b0f2_ef88b831eba9.318,Point,153.4054064,-28.10064368,geom,SHELTER_BUS,
Feature,ckan_be880d63_175a_4383_b0f2_ef88b831eba9.319,Point,153.3939003,-27.9353954,geom,SHELTER_BUS,
Feature,ckan_be880d63_175a_4383_b0f2_ef88b831eba9.320,Point,153.535627,-28.16722788,geom,SHELTER_BUS,
Feature,ckan_be880d63_175a_4383_b0f2_ef88b831eba9.321,Point,153.3391303,-27.98488945,geom,SHELTER_BUS,
Feature,ckan_be880d63_175a_4383_b0f2_ef88b831eba9.322,Point,153.3869486,-27.94617531,geom,SHELTER_BUS,
Feature,ckan_be880d63_175a_4383_b0f2_ef88b831eba9.323,Point,153.459382,-28.10213112,geom,SHELTER_BUS,
Feature,ckan_be880d63_175a_4383_b0f2_ef88b831eba9.324,Point,153.4711522,-28.11885087,geom,SHELTER_BUS,
Feature,ckan_be880d63_175a_4383_b0f2_ef88b831eba9.325,Point,153.3944294,-27.9940608,geom,SHELTER_BUS,
Feature,ckan_be880d63_175a_4383_b0f2_ef88b831eba9.326,Point,153.4001477,-28.09710815,geom,SHELTER_BUS,
Feature,ckan_be880d63_175a_4383_b0f2_ef88b831eba9.327,Point,153.4908707,-28.13888954,geom,SHELTER_BUS,
Feature,ckan_be880d63_175a_4383_b0f2_ef88b831eba9.328,Point,153.3220361,-28.00102176,geom,SHELTER_BUS,
Feature,ckan_be880d63_175a_4383_b0f2_ef88b831eba9.329,Point,153.244047,-28.03831573,geom,SHELTER_BUS,
Feature,ckan_be880d63_175a_4383_b0f2_ef88b831eba9.330,Point,153.4567102,-28.13769484,geom,SHELTER_BUS,
Feature,ckan_be880d63_175a_4383_b0f2_ef88b831eba9.331,Point,153.426102,-28.04182745,geom,SHELTER_BUS,
Feature,ckan_be880d63_175a_4383_b0f2_ef88b831eba9.332,Point,153.4035581,-27.93642522,geom,SHELTER_BUS,
Feature,ckan_be880d63_175a_4383_b0f2_ef88b831eba9.333,Point,153.4019821,-27.90904395,geom,SHELTER_BUS,
Feature,ckan_be880d63_175a_4383_b0f2_ef88b831eba9.334,Point,153.5113424,-28.16045454,geom,SHELTER_BUS,
Feature,ckan_be880d63_175a_4383_b0f2_ef88b831eba9.335,Point,153.4470326,-28.12932291,geom,SHELTER_BUS,
Feature,ckan_be880d63_175a_4383_b0f2_ef88b831eba9.336,Point,153.4129117,-28.07828507,geom,SHELTER_BUS,
Feature,ckan_be880d63_175a_4383_b0f2_ef88b831eba9.337,Point,153.4465698,-28.07913049,geom,SHELTER_BUS,
Feature,ckan_be880d63_175a_4383_b0f2_ef88b831eba9.338,Point,153.4155629,-28.07252051,geom,SHELTER_BUS,
Feature,ckan_be880d63_175a_4383_b0f2_ef88b831eba9.339,Point,153.4159589,-28.09750412,geom,SHELTER_BUS,
Feature,ckan_be880d63_175a_4383_b0f2_ef88b831eba9.340,Point,153.4210182,-28.08592258,geom,SHELTER_BUS,
Feature,ckan_be880d63_175a_4383_b0f2_ef88b831eba9.341,Point,153.3147859,-27.92128033,geom,SHELTER_BUS,
Feature,ckan_be880d63_175a_4383_b0f2_ef88b831eba9.342,Point,153.4087419,-27.95996017,geom,SHELTER_BUS,
Feature,ckan_be880d63_175a_4383_b0f2_ef88b831eba9.343,Point,153.3605232,-28.06019381,geom,SHELTER_BUS,
Feature,ckan_be880d63_175a_4383_b0f2_ef88b831eba9.344,Point,153.4052568,-27.93119442,geom,SHELTER_BUS,
Feature,ckan_be880d63_175a_4383_b0f2_ef88b831eba9.345,Point,153.4741056,-28.13806546,geom,SHELTER_BUS,
Feature,ckan_be880d63_175a_4383_b0f2_ef88b831eba9.346,Point,153.4255153,-27.97600598,geom,SHELTER_BUS,
Feature,ckan_be880d63_175a_4383_b0f2_ef88b831eba9.347,Point,153.3748171,-28.00343631,geom,SHELTER_BUS,
Feature,ckan_be880d63_175a_4383_b0f2_ef88b831eba9.348,Point,153.4221737,-28.07687459,geom,SHELTER_BUS,
Feature,ckan_be880d63_175a_4383_b0f2_ef88b831eba9.349,Point,153.3676999,-27.87836601,geom,SHELTER_BUS,
Feature,ckan_be880d63_175a_4383_b0f2_ef88b831eba9.350,Point,153.4139053,-28.04613884,geom,SHELTER_BUS,
Feature,ckan_be880d63_175a_4383_b0f2_ef88b831eba9.351,Point,153.4091106,-27.96002406,geom,SHELTER_BUS,
Feature,ckan_be880d63_175a_4383_b0f2_ef88b831eba9.352,Point,153.3860564,-27.91846685,geom,SHELTER_BUS,
Feature,ckan_be880d63_175a_4383_b0f2_ef88b831eba9.353,Point,153.4392984,-28.06604505,geom,SHELTER_BUS,
Feature,ckan_be880d63_175a_4383_b0f2_ef88b831eba9.354,Point,153.3246134,-27.94653605,geom,SHELTER_BUS,
Feature,ckan_be880d63_175a_4383_b0f2_ef88b831eba9.355,Point,153.3299282,-27.82628555,geom,SHELTER_BUS,
Feature,ckan_be880d63_175a_4383_b0f2_ef88b831eba9.356,Point,153.4009224,-27.96217995,geom,SHELTER_BUS,
Feature,ckan_be880d63_175a_4383_b0f2_ef88b831eba9.357,Point,153.408524,-27.97226703,geom,SHELTER_BUS,
Feature,ckan_be880d63_175a_4383_b0f2_ef88b831eba9.358,Point,153.4415135,-28.10576917,geom,SHELTER_BUS,
Feature,ckan_be880d63_175a_4383_b0f2_ef88b831eba9.359,Point,153.4447664,-28.07390939,geom,SHELTER_BUS,
Feature,ckan_be880d63_175a_4383_b0f2_ef88b831eba9.360,Point,153.462344,-28.16052652,geom,SHELTER_BUS,
Feature,ckan_be880d63_175a_4383_b0f2_ef88b831eba9.361,Point,153.4009974,-27.89753836,geom,SHELTER_BUS,
Feature,ckan_be880d63_175a_4383_b0f2_ef88b831eba9.362,Point,153.4347362,-28.04416601,geom,SHELTER_BUS,
Feature,ckan_be880d63_175a_4383_b0f2_ef88b831eba9.363,Point,153.3866234,-27.90627119,geom,SHELTER_BUS,
Feature,ckan_be880d63_175a_4383_b0f2_ef88b831eba9.364,Point,153.3276749,-28.00028586,geom,SHELTER_BUS,
Feature,ckan_be880d63_175a_4383_b0f2_ef88b831eba9.365,Point,153.5070747,-28.15670154,geom,SHELTER_BUS,
Feature,ckan_be880d63_175a_4383_b0f2_ef88b831eba9.366,Point,153.426438,-28.00207316,geom,SHELTER_BUS,
Feature,ckan_be880d63_175a_4383_b0f2_ef88b831eba9.367,Point,153.3340882,-27.99209831,geom,SHELTER_BUS,
Feature,ckan_be880d63_175a_4383_b0f2_ef88b831eba9.368,Point,153.421363,-28.10056332,geom,SHELTER_BUS,
Feature,ckan_be880d63_175a_4383_b0f2_ef88b831eba9.369,Point,153.3977663,-27.96244733,geom,SHELTER_BUS,
Feature,ckan_be880d63_175a_4383_b0f2_ef88b831eba9.370,Point,153.3506665,-27.8673022,geom,SHELTER_BUS,
Feature,ckan_be880d63_175a_4383_b0f2_ef88b831eba9.371,Point,153.4113269,-28.015106,geom,SHELTER_BUS,
Feature,ckan_be880d63_175a_4383_b0f2_ef88b831eba9.372,Point,153.3607246,-27.9289804,geom,SHELTER_BUS,
Feature,ckan_be880d63_175a_4383_b0f2_ef88b831eba9.373,Point,153.3126322,-27.89037278,geom,SHELTER_BUS,
Feature,ckan_be880d63_175a_4383_b0f2_ef88b831eba9.374,Point,153.3193191,-27.90469151,geom,SHELTER_BUS,
Feature,ckan_be880d63_175a_4383_b0f2_ef88b831eba9.375,Point,153.4279543,-27.99405622,geom,SHELTER_BUS,
Feature,ckan_be880d63_175a_4383_b0f2_ef88b831eba9.376,Point,153.4352822,-28.0463501,geom,SHELTER_BUS,
Feature,ckan_be880d63_175a_4383_b0f2_ef88b831eba9.377,Point,153.4671886,-28.1116334,geom,SHELTER_BUS,
Feature,ckan_be880d63_175a_4383_b0f2_ef88b831eba9.378,Point,153.3543144,-28.02278308,geom,SHELTER_BUS,
Feature,ckan_be880d63_175a_4383_b0f2_ef88b831eba9.379,Point,153.4708796,-28.14887647,geom,SHELTER_BUS,
Feature,ckan_be880d63_175a_4383_b0f2_ef88b831eba9.380,Point,153.391011,-27.94679318,geom,SHELTER_BUS,
Feature,ckan_be880d63_175a_4383_b0f2_ef88b831eba9.381,Point,153.4042956,-27.92023397,geom,SHELTER_BUS,
Feature,ckan_be880d63_175a_4383_b0f2_ef88b831eba9.382,Point,153.3781036,-27.92448551,geom,SHELTER_BUS,
Feature,ckan_be880d63_175a_4383_b0f2_ef88b831eba9.383,Point,153.4029694,-27.91170917,geom,SHELTER_BUS,
Feature,ckan_be880d63_175a_4383_b0f2_ef88b831eba9.384,Point,153.4075671,-27.97133627,geom,SHELTER_BUS,
Feature,ckan_be880d63_175a_4383_b0f2_ef88b831eba9.385,Point,153.4896696,-28.15426922,geom,SHELTER_BUS,
Feature,ckan_be880d63_175a_4383_b0f2_ef88b831eba9.386,Point,153.4065364,-27.95034347,geom,SHELTER_BUS,
Feature,ckan_be880d63_175a_4383_b0f2_ef88b831eba9.387,Point,153.3370022,-27.988913,geom,SHELTER_BUS,
Feature,ckan_be880d63_175a_4383_b0f2_ef88b831eba9.388,Point,153.3980046,-28.06742255,geom,SHELTER_BUS,
Feature,ckan_be880d63_175a_4383_b0f2_ef88b831eba9.389,Point,153.4044686,-28.11097392,geom,SHELTER_BUS,
Feature,ckan_be880d63_175a_4383_b0f2_ef88b831eba9.390,Point,153.3945216,-27.87706362,geom,SHELTER_BUS,
Feature,ckan_be880d63_175a_4383_b0f2_ef88b831eba9.391,Point,153.3685561,-28.01587634,geom,SHELTER_BUS,
Feature,ckan_be880d63_175a_4383_b0f2_ef88b831eba9.392,Point,153.2643775,-27.80574558,geom,SHELTER_BUS,
Feature,ckan_be880d63_175a_4383_b0f2_ef88b831eba9.393,Point,153.4037208,-27.91704182,geom,SHELTER_BUS,
Feature,ckan_be880d63_175a_4383_b0f2_ef88b831eba9.394,Point,153.4289968,-27.97765132,geom,SHELTER_BUS,
Feature,ckan_be880d63_175a_4383_b0f2_ef88b831eba9.395,Point,153.3777142,-27.94408368,geom,SHELTER_BUS,
Feature,ckan_be880d63_175a_4383_b0f2_ef88b831eba9.396,Point,153.45217,-28.11974907,geom,SHELTER_BUS,
Feature,ckan_be880d63_175a_4383_b0f2_ef88b831eba9.397,Point,153.449312,-28.08666307,geom,SHELTER_BUS,
Feature,ckan_be880d63_175a_4383_b0f2_ef88b831eba9.398,Point,153.3340475,-27.99257838,geom,SHELTER_BUS,
Feature,ckan_be880d63_175a_4383_b0f2_ef88b831eba9.399,Point,153.4026372,-28.06614759,geom,SHELTER_BUS,
Feature,ckan_be880d63_175a_4383_b0f2_ef88b831eba9.400,Point,153.3168449,-27.83423226,geom,SHELTER_BUS,
Feature,ckan_be880d63_175a_4383_b0f2_ef88b831eba9.401,Point,153.4276556,-28.00784558,geom,SHELTER_BUS,
Feature,ckan_be880d63_175a_4383_b0f2_ef88b831eba9.402,Point,153.5073402,-28.15671671,geom,SHELTER_BUS,
Feature,ckan_be880d63_175a_4383_b0f2_ef88b831eba9.403,Point,153.326573,-27.90334099,geom,SHELTER_BUS,
Feature,ckan_be880d63_175a_4383_b0f2_ef88b831eba9.404,Point,153.3536922,-28.07021589,geom,SHELTER_BUS,
Feature,ckan_be880d63_175a_4383_b0f2_ef88b831eba9.405,Point,153.4366013,-28.12206565,geom,SHELTER_BUS,
Feature,ckan_be880d63_175a_4383_b0f2_ef88b831eba9.406,Point,153.4432555,-28.09711662,geom,SHELTER_BUS,
Feature,ckan_be880d63_175a_4383_b0f2_ef88b831eba9.407,Point,153.525039,-28.16676212,geom,SHELTER_BUS,
Feature,ckan_be880d63_175a_4383_b0f2_ef88b831eba9.408,Point,153.3198914,-27.92297411,geom,SHELTER_BUS,
Feature,ckan_be880d63_175a_4383_b0f2_ef88b831eba9.409,Point,153.4893783,-28.13519712,geom,SHELTER_BUS,
Feature,ckan_be880d63_175a_4383_b0f2_ef88b831eba9.410,Point,153.4082041,-27.94210521,geom,SHELTER_BUS,
Feature,ckan_be880d63_175a_4383_b0f2_ef88b831eba9.411,Point,153.4277163,-27.9728577,geom,SHELTER_BUS,
Feature,ckan_be880d63_175a_4383_b0f2_ef88b831eba9.412,Point,153.4272451,-27.96879829,geom,SHELTER_BUS,
Feature,ckan_be880d63_175a_4383_b0f2_ef88b831eba9.413,Point,153.3694833,-27.99220028,geom,SHELTER_BUS,
Feature,ckan_be880d63_175a_4383_b0f2_ef88b831eba9.414,Point,153.4886846,-28.13180228,geom,SHELTER_BUS,
Feature,ckan_be880d63_175a_4383_b0f2_ef88b831eba9.415,Point,153.3641455,-28.0778057,geom,SHELTER_BUS,
Feature,ckan_be880d63_175a_4383_b0f2_ef88b831eba9.416,Point,153.3950647,-27.8874327,geom,SHELTER_BUS,
Feature,ckan_be880d63_175a_4383_b0f2_ef88b831eba9.417,Point,153.3940631,-28.00374748,geom,SHELTER_BUS,
Feature,ckan_be880d63_175a_4383_b0f2_ef88b831eba9.418,Point,153.3803566,-28.01365394,geom,SHELTER_BUS,
Feature,ckan_be880d63_175a_4383_b0f2_ef88b831eba9.419,Point,153.4043302,-27.95277952,geom,SHELTER_BUS,
Feature,ckan_be880d63_175a_4383_b0f2_ef88b831eba9.420,Point,153.4110502,-28.02324846,geom,SHELTER_BUS,
Feature,ckan_be880d63_175a_4383_b0f2_ef88b831eba9.421,Point,153.3351357,-27.92274915,geom,SHELTER_BUS,
Feature,ckan_be880d63_175a_4383_b0f2_ef88b831eba9.422,Point,153.5371394,-28.16825018,geom,SHELTER_BUS,
Feature,ckan_be880d63_175a_4383_b0f2_ef88b831eba9.423,Point,153.2830954,-27.89211122,geom,SHELTER_BUS,
Feature,ckan_be880d63_175a_4383_b0f2_ef88b831eba9.424,Point,153.2429321,-27.76536389,geom,SHELTER_BUS,
Feature,ckan_be880d63_175a_4383_b0f2_ef88b831eba9.425,Point,153.4329141,-28.03797322,geom,SHELTER_BUS,
Feature,ckan_be880d63_175a_4383_b0f2_ef88b831eba9.426,Point,153.4734629,-28.12232264,geom,SHELTER_BUS,
Feature,ckan_be880d63_175a_4383_b0f2_ef88b831eba9.427,Point,153.4501191,-28.0878699,geom,SHELTER_BUS,
Feature,ckan_be880d63_175a_4383_b0f2_ef88b831eba9.428,Point,153.463813,-28.10490443,geom,SHELTER_BUS,
Feature,ckan_be880d63_175a_4383_b0f2_ef88b831eba9.429,Point,153.3163846,-27.91811603,geom,SHELTER_BUS,
Feature,ckan_be880d63_175a_4383_b0f2_ef88b831eba9.430,Point,153.3109147,-28.03985297,geom,SHELTER_BUS,
Feature,ckan_be880d63_175a_4383_b0f2_ef88b831eba9.431,Point,153.2548926,-27.77655635,geom,SHELTER_BUS,
Feature,ckan_be880d63_175a_4383_b0f2_ef88b831eba9.432,Point,153.3695859,-27.94931982,geom,SHELTER_BUS,
Feature,ckan_be880d63_175a_4383_b0f2_ef88b831eba9.433,Point,153.3906772,-27.9428437,geom,SHELTER_BUS,
Feature,ckan_be880d63_175a_4383_b0f2_ef88b831eba9.434,Point,153.4478234,-28.13333543,geom,SHELTER_BUS,
Feature,ckan_be880d63_175a_4383_b0f2_ef88b831eba9.435,Point,153.4741609,-28.13099933,geom,SHELTER_BUS,
Feature,ckan_be880d63_175a_4383_b0f2_ef88b831eba9.436,Point,153.4276001,-27.98698489,geom,SHELTER_BUS,
Feature,ckan_be880d63_175a_4383_b0f2_ef88b831eba9.437,Point,153.354313,-27.92321976,geom,SHELTER_BUS,
Feature,ckan_be880d63_175a_4383_b0f2_ef88b831eba9.438,Point,153.3883533,-27.90007273,geom,SHELTER_BUS,
Feature,ckan_be880d63_175a_4383_b0f2_ef88b831eba9.439,Point,153.4306657,-28.02964174,geom,SHELTER_BUS,
Feature,ckan_be880d63_175a_4383_b0f2_ef88b831eba9.440,Point,153.4306905,-28.02963796,geom,SHELTER_BUS,
Feature,ckan_be880d63_175a_4383_b0f2_ef88b831eba9.441,Point,153.414987,-28.04696319,geom,SHELTER_BUS,
Feature,ckan_be880d63_175a_4383_b0f2_ef88b831eba9.442,Point,153.4745663,-28.13061093,geom,SHELTER_BUS,
Feature,ckan_be880d63_175a_4383_b0f2_ef88b831eba9.443,Point,153.382753,-27.96173105,geom,SHELTER_BUS,
Feature,ckan_be880d63_175a_4383_b0f2_ef88b831eba9.444,Point,153.2746642,-27.96354439,geom,SHELTER_BUS,
Feature,ckan_be880d63_175a_4383_b0f2_ef88b831eba9.445,Point,153.3659904,-28.07791017,geom,SHELTER_BUS,
Feature,ckan_be880d63_175a_4383_b0f2_ef88b831eba9.446,Point,153.46687,-28.13096849,geom,SHELTER_BUS,
Feature,ckan_be880d63_175a_4383_b0f2_ef88b831eba9.447,Point,153.3627299,-27.99086698,geom,SHELTER_BUS,
Feature,ckan_be880d63_175a_4383_b0f2_ef88b831eba9.448,Point,153.3940798,-27.87996235,geom,SHELTER_BUS,
Feature,ckan_be880d63_175a_4383_b0f2_ef88b831eba9.449,Point,153.4274099,-28.04864576,geom,SHELTER_BUS,
Feature,ckan_be880d63_175a_4383_b0f2_ef88b831eba9.450,Point,153.395297,-27.96039268,geom,SHELTER_BUS,
Feature,ckan_be880d63_175a_4383_b0f2_ef88b831eba9.451,Point,153.3749339,-27.94588003,geom,SHELTER_BUS,
Feature,ckan_be880d63_175a_4383_b0f2_ef88b831eba9.452,Point,153.3705094,-27.9895409,geom,SHELTER_BUS,
Feature,ckan_be880d63_175a_4383_b0f2_ef88b831eba9.453,Point,153.3963973,-27.98375387,geom,SHELTER_BUS,
Feature,ckan_be880d63_175a_4383_b0f2_ef88b831eba9.454,Point,153.406026,-27.92676356,geom,SHELTER_BUS,
Feature,ckan_be880d63_175a_4383_b0f2_ef88b831eba9.455,Point,153.2782197,-27.80407189,geom,SHELTER_BUS,
Feature,ckan_be880d63_175a_4383_b0f2_ef88b831eba9.456,Point,153.4773083,-28.15393499,geom,SHELTER_BUS,
Feature,ckan_be880d63_175a_4383_b0f2_ef88b831eba9.457,Point,153.4257597,-28.04777129,geom,SHELTER_BUS,
Feature,ckan_be880d63_175a_4383_b0f2_ef88b831eba9.458,Point,153.2677236,-28.15231949,geom,SHELTER_BUS,
Feature,ckan_be880d63_175a_4383_b0f2_ef88b831eba9.459,Point,153.3831177,-27.99452689,geom,SHELTER_BUS,
Feature,ckan_be880d63_175a_4383_b0f2_ef88b831eba9.460,Point,153.3453613,-27.99448674,geom,SHELTER_BUS,
Feature,ckan_be880d63_175a_4383_b0f2_ef88b831eba9.461,Point,153.395834,-27.89033218,geom,SHELTER_BUS,
Feature,ckan_be880d63_175a_4383_b0f2_ef88b831eba9.462,Point,153.4082983,-27.94594731,geom,SHELTER_BUS,
Feature,ckan_be880d63_175a_4383_b0f2_ef88b831eba9.463,Point,153.4035971,-27.93643494,geom,SHELTER_BUS,
Feature,ckan_be880d63_175a_4383_b0f2_ef88b831eba9.464,Point,153.4943613,-28.14344035,geom,SHELTER_BUS,
Feature,ckan_be880d63_175a_4383_b0f2_ef88b831eba9.465,Point,153.4298289,-27.99065712,geom,SHELTER_BUS,
Feature,ckan_be880d63_175a_4383_b0f2_ef88b831eba9.466,Point,153.3529717,-28.01033129,geom,SHELTER_BUS,
Feature,ckan_be880d63_175a_4383_b0f2_ef88b831eba9.467,Point,153.4651491,-28.10750772,geom,SHELTER_BUS,
Feature,ckan_be880d63_175a_4383_b0f2_ef88b831eba9.468,Point,153.3797677,-27.97822248,geom,SHELTER_BUS,
Feature,ckan_be880d63_175a_4383_b0f2_ef88b831eba9.469,Point,153.4485055,-28.08437115,geom,SHELTER_BUS,
Feature,ckan_be880d63_175a_4383_b0f2_ef88b831eba9.470,Point,153.3645515,-27.78068203,geom,SHELTER_BUS,
Feature,ckan_be880d63_175a_4383_b0f2_ef88b831eba9.471,Point,153.382822,-28.03334638,geom,SHELTER_BUS,
Feature,ckan_be880d63_175a_4383_b0f2_ef88b831eba9.472,Point,153.3885183,-27.88733225,geom,SHELTER_BUS,
Feature,ckan_be880d63_175a_4383_b0f2_ef88b831eba9.473,Point,153.4311574,-28.17577035,geom,SHELTER_BUS,
Feature,ckan_be880d63_175a_4383_b0f2_ef88b831eba9.474,Point,153.4676958,-28.13058938,geom,SHELTER_BUS,
Feature,ckan_be880d63_175a_4383_b0f2_ef88b831eba9.475,Point,153.4679466,-28.11333936,geom,SHELTER_BUS,
Feature,ckan_be880d63_175a_4383_b0f2_ef88b831eba9.476,Point,153.458385,-28.10324932,geom,SHELTER_BUS,
Feature,ckan_be880d63_175a_4383_b0f2_ef88b831eba9.477,Point,153.4585862,-28.10325366,geom,SHELTER_BUS,
Feature,ckan_be880d63_175a_4383_b0f2_ef88b831eba9.478,Point,153.4624774,-28.1105292,geom,SHELTER_BUS,
Feature,ckan_be880d63_175a_4383_b0f2_ef88b831eba9.479,Point,153.4894638,-28.150576,geom,SHELTER_BUS,
Feature,ckan_be880d63_175a_4383_b0f2_ef88b831eba9.480,Point,153.4104312,-28.01123691,geom,SHELTER_BUS,
Feature,ckan_be880d63_175a_4383_b0f2_ef88b831eba9.481,Point,153.3940269,-28.06779775,geom,SHELTER_BUS,
Feature,ckan_be880d63_175a_4383_b0f2_ef88b831eba9.482,Point,153.4344189,-28.04257694,geom,SHELTER_BUS,
Feature,ckan_be880d63_175a_4383_b0f2_ef88b831eba9.483,Point,153.5398342,-28.1688633,geom,SHELTER_BUS,
Feature,ckan_be880d63_175a_4383_b0f2_ef88b831eba9.484,Point,153.2441975,-28.03454313,geom,SHELTER_BUS,
Feature,ckan_be880d63_175a_4383_b0f2_ef88b831eba9.485,Point,153.4318608,-28.01583417,geom,SHELTER_BUS,
Feature,ckan_be880d63_175a_4383_b0f2_ef88b831eba9.486,Point,153.4319387,-28.01552725,geom,SHELTER_BUS,
Feature,ckan_be880d63_175a_4383_b0f2_ef88b831eba9.487,Point,153.4261856,-28.05953784,geom,SHELTER_BUS,
Feature,ckan_be880d63_175a_4383_b0f2_ef88b831eba9.488,Point,153.4375093,-28.06315101,geom,SHELTER_BUS,
Feature,ckan_be880d63_175a_4383_b0f2_ef88b831eba9.489,Point,153.3898602,-27.88407968,geom,SHELTER_BUS,
Feature,ckan_be880d63_175a_4383_b0f2_ef88b831eba9.490,Point,153.388609,-27.89443172,geom,SHELTER_BUS,
Feature,ckan_be880d63_175a_4383_b0f2_ef88b831eba9.491,Point,153.3772634,-27.98072353,geom,SHELTER_BUS,
Feature,ckan_be880d63_175a_4383_b0f2_ef88b831eba9.492,Point,153.4140949,-28.01262656,geom,SHELTER_BUS,
Feature,ckan_be880d63_175a_4383_b0f2_ef88b831eba9.493,Point,153.3404833,-27.99420128,geom,SHELTER_BUS,
Feature,ckan_be880d63_175a_4383_b0f2_ef88b831eba9.494,Point,153.2739983,-27.96296175,geom,SHELTER_BUS,
Feature,ckan_be880d63_175a_4383_b0f2_ef88b831eba9.495,Point,153.2484162,-27.98208602,geom,SHELTER_BUS,
Feature,ckan_be880d63_175a_4383_b0f2_ef88b831eba9.496,Point,153.3609317,-27.83934849,geom,SHELTER_BUS,
Feature,ckan_be880d63_175a_4383_b0f2_ef88b831eba9.497,Point,153.3575548,-27.84160654,geom,SHELTER_BUS,
Feature,ckan_be880d63_175a_4383_b0f2_ef88b831eba9.498,Point,153.3877047,-28.06989471,geom,SHELTER_BUS,
Feature,ckan_be880d63_175a_4383_b0f2_ef88b831eba9.499,Point,153.3999807,-28.09701992,geom,SHELTER_BUS,
Feature,ckan_be880d63_175a_4383_b0f2_ef88b831eba9.500,Point,153.4753076,-28.12535899,geom,SHELTER_BUS,
Feature,ckan_be880d63_175a_4383_b0f2_ef88b831eba9.501,Point,153.4178298,-28.02556232,geom,SHELTER_BUS,
Feature,ckan_be880d63_175a_4383_b0f2_ef88b831eba9.502,Point,153.386022,-27.94519766,geom,SHELTER_BUS,
Feature,ckan_be880d63_175a_4383_b0f2_ef88b831eba9.503,Point,153.4450898,-28.07587051,geom,SHELTER_BUS,
Feature,ckan_be880d63_175a_4383_b0f2_ef88b831eba9.504,Point,153.4198763,-28.06446851,geom,SHELTER_BUS,
Feature,ckan_be880d63_175a_4383_b0f2_ef88b831eba9.505,Point,153.4127825,-28.07853311,geom,SHELTER_BUS,
Feature,ckan_be880d63_175a_4383_b0f2_ef88b831eba9.506,Point,153.3901416,-28.00504333,geom,SHELTER_BUS,
Feature,ckan_be880d63_175a_4383_b0f2_ef88b831eba9.507,Point,153.4595144,-28.15280307,geom,SHELTER_BUS,
Feature,ckan_be880d63_175a_4383_b0f2_ef88b831eba9.508,Point,153.2520697,-27.78659629,geom,SHELTER_BUS,
Feature,ckan_be880d63_175a_4383_b0f2_ef88b831eba9.509,Point,153.4574275,-28.09887639,geom,SHELTER_BUS,
Feature,ckan_be880d63_175a_4383_b0f2_ef88b831eba9.510,Point,153.4720331,-28.12006533,geom,SHELTER_BUS,
Feature,ckan_be880d63_175a_4383_b0f2_ef88b831eba9.511,Point,153.45436,-28.09659401,geom,SHELTER_BUS,
Feature,ckan_be880d63_175a_4383_b0f2_ef88b831eba9.512,Point,153.5297613,-28.17347471,geom,SHELTER_BUS,
Feature,ckan_be880d63_175a_4383_b0f2_ef88b831eba9.513,Point,153.3030323,-27.9079225,geom,SHELTER_BUS,
Feature,ckan_be880d63_175a_4383_b0f2_ef88b831eba9.514,Point,153.3148918,-27.87010286,geom,SHELTER_BUS,
Feature,ckan_be880d63_175a_4383_b0f2_ef88b831eba9.515,Point,153.3905997,-27.9429571,geom,SHELTER_BUS,
Feature,ckan_be880d63_175a_4383_b0f2_ef88b831eba9.516,Point,153.2663355,-28.19276192,geom,SHELTER_BUS,
Feature,ckan_be880d63_175a_4383_b0f2_ef88b831eba9.517,Point,153.2584176,-28.18410095,geom,SHELTER_BUS,
Feature,ckan_be880d63_175a_4383_b0f2_ef88b831eba9.518,Point,153.3625366,-27.98600327,geom,SHELTER_BUS,
Feature,ckan_be880d63_175a_4383_b0f2_ef88b831eba9.519,Point,153.4461257,-28.08747789,geom,SHELTER_BUS,
Feature,ckan_be880d63_175a_4383_b0f2_ef88b831eba9.520,Point,153.4275883,-27.98179635,geom,SHELTER_BUS,
Feature,ckan_be880d63_175a_4383_b0f2_ef88b831eba9.521,Point,153.3913527,-28.00915472,geom,SHELTER_BUS,
Feature,ckan_be880d63_175a_4383_b0f2_ef88b831eba9.522,Point,153.3842275,-27.95237626,geom,SHELTER_BUS,
Feature,ckan_be880d63_175a_4383_b0f2_ef88b831eba9.523,Point,153.3466416,-27.9969321,geom,SHELTER_BUS,
Feature,ckan_be880d63_175a_4383_b0f2_ef88b831eba9.524,Point,153.3830539,-28.07807824,geom,SHELTER_BUS,
Feature,ckan_be880d63_175a_4383_b0f2_ef88b831eba9.525,Point,153.3850221,-27.95409492,geom,SHELTER_BUS,
Feature,ckan_be880d63_175a_4383_b0f2_ef88b831eba9.526,Point,153.4184116,-28.05905215,geom,SHELTER_BUS,
Feature,ckan_be880d63_175a_4383_b0f2_ef88b831eba9.527,Point,153.3804893,-28.08863046,geom,SHELTER_BUS,
Feature,ckan_be880d63_175a_4383_b0f2_ef88b831eba9.528,Point,153.3961471,-27.97956123,geom,SHELTER_BUS,
Feature,ckan_be880d63_175a_4383_b0f2_ef88b831eba9.529,Point,153.4040885,-27.97809949,geom,SHELTER_BUS,
Feature,ckan_be880d63_175a_4383_b0f2_ef88b831eba9.530,Point,153.4186854,-28.09662901,geom,SHELTER_BUS,
Feature,ckan_be880d63_175a_4383_b0f2_ef88b831eba9.531,Point,153.4181058,-28.09024219,geom,SHELTER_BUS,
Feature,ckan_be880d63_175a_4383_b0f2_ef88b831eba9.532,Point,153.3907165,-27.99614903,geom,SHELTER_BUS,
Feature,ckan_be880d63_175a_4383_b0f2_ef88b831eba9.533,Point,153.4676225,-28.11249003,geom,SHELTER_BUS,
Feature,ckan_be880d63_175a_4383_b0f2_ef88b831eba9.534,Point,153.3831748,-27.92199013,geom,SHELTER_BUS,
Feature,ckan_be880d63_175a_4383_b0f2_ef88b831eba9.535,Point,153.3429267,-28.01533618,geom,SHELTER_BUS,
Feature,ckan_be880d63_175a_4383_b0f2_ef88b831eba9.536,Point,153.4223432,-28.07605864,geom,SHELTER_BUS,
Feature,ckan_be880d63_175a_4383_b0f2_ef88b831eba9.537,Point,153.3836272,-27.97640001,geom,SHELTER_BUS,
Feature,ckan_be880d63_175a_4383_b0f2_ef88b831eba9.538,Point,153.4287656,-28.10103023,geom,SHELTER_BUS,
Feature,ckan_be880d63_175a_4383_b0f2_ef88b831eba9.539,Point,153.4289098,-28.1010465,geom,SHELTER_BUS,
Feature,ckan_be880d63_175a_4383_b0f2_ef88b831eba9.540,Point,153.4290445,-28.10106041,geom,SHELTER_BUS,
Feature,ckan_be880d63_175a_4383_b0f2_ef88b831eba9.541,Point,153.4291752,-28.1010815,geom,SHELTER_BUS,
Feature,ckan_be880d63_175a_4383_b0f2_ef88b831eba9.542,Point,153.3521812,-27.99742489,geom,SHELTER_BUS,
Feature,ckan_be880d63_175a_4383_b0f2_ef88b831eba9.543,Point,153.2754375,-27.93365113,geom,SHELTER_BUS,
Feature,ckan_be880d63_175a_4383_b0f2_ef88b831eba9.544,Point,153.2923054,-27.81546602,geom,SHELTER_BUS,
Feature,ckan_be880d63_175a_4383_b0f2_ef88b831eba9.545,Point,153.4084144,-27.94897373,geom,SHELTER_BUS,
Feature,ckan_be880d63_175a_4383_b0f2_ef88b831eba9.546,Point,153.40826,-27.94507909,geom,SHELTER_BUS,
Feature,ckan_be880d63_175a_4383_b0f2_ef88b831eba9.547,Point,153.3814624,-28.08848182,geom,SHELTER_BUS,
Feature,ckan_be880d63_175a_4383_b0f2_ef88b831eba9.548,Point,153.3560135,-28.09415498,geom,SHELTER_BUS,
Feature,ckan_be880d63_175a_4383_b0f2_ef88b831eba9.549,Point,153.4099088,-28.10191287,geom,SHELTER_BUS,
Feature,ckan_be880d63_175a_4383_b0f2_ef88b831eba9.550,Point,153.3167172,-27.83420986,geom,SHELTER_BUS,
Feature,ckan_be880d63_175a_4383_b0f2_ef88b831eba9.551,Point,153.3169982,-27.83425818,geom,SHELTER_BUS,
Feature,ckan_be880d63_175a_4383_b0f2_ef88b831eba9.552,Point,153.440891,-28.0680132,geom,SHELTER_BUS,
Feature,ckan_be880d63_175a_4383_b0f2_ef88b831eba9.553,Point,153.3114055,-27.8587487,geom,SHELTER_BUS,
Feature,ckan_be880d63_175a_4383_b0f2_ef88b831eba9.554,Point,153.2479068,-27.99214883,geom,SHELTER_BUS,
Feature,ckan_be880d63_175a_4383_b0f2_ef88b831eba9.555,Point,153.4126144,-28.07001043,geom,SHELTER_BUS,
Feature,ckan_be880d63_175a_4383_b0f2_ef88b831eba9.556,Point,153.438153,-28.06425636,geom,SHELTER_BUS,
Feature,ckan_be880d63_175a_4383_b0f2_ef88b831eba9.557,Point,153.438109,-28.06354533,geom,SHELTER_BUS,
Feature,ckan_be880d63_175a_4383_b0f2_ef88b831eba9.558,Point,153.3767024,-28.07449875,geom,SHELTER_BUS,
Feature,ckan_be880d63_175a_4383_b0f2_ef88b831eba9.559,Point,153.3618305,-27.78012977,geom,SHELTER_BUS,
Feature,ckan_be880d63_175a_4383_b0f2_ef88b831eba9.560,Point,153.3376788,-27.92482403,geom,SHELTER_BUS,
Feature,ckan_be880d63_175a_4383_b0f2_ef88b831eba9.561,Point,153.4032152,-27.96295152,geom,SHELTER_BUS,
Feature,ckan_be880d63_175a_4383_b0f2_ef88b831eba9.562,Point,153.4033255,-27.96296433,geom,SHELTER_BUS,
Feature,ckan_be880d63_175a_4383_b0f2_ef88b831eba9.563,Point,153.3839823,-27.97467556,geom,SHELTER_BUS,
Feature,ckan_be880d63_175a_4383_b0f2_ef88b831eba9.564,Point,153.2678705,-27.80455374,geom,SHELTER_BUS,
Feature,ckan_be880d63_175a_4383_b0f2_ef88b831eba9.565,Point,153.3923267,-27.98565283,geom,SHELTER_BUS,
Feature,ckan_be880d63_175a_4383_b0f2_ef88b831eba9.566,Point,153.4016398,-27.90327181,geom,SHELTER_BUS,
Feature,ckan_be880d63_175a_4383_b0f2_ef88b831eba9.567,Point,153.4315287,-28.01835571,geom,SHELTER_BUS,
Feature,ckan_be880d63_175a_4383_b0f2_ef88b831eba9.568,Point,153.4025917,-28.03209709,geom,SHELTER_BUS,
Feature,ckan_be880d63_175a_4383_b0f2_ef88b831eba9.569,Point,153.4367267,-28.052177,geom,SHELTER_BUS,
Feature,ckan_be880d63_175a_4383_b0f2_ef88b831eba9.570,Point,153.4284735,-28.01001019,geom,SHELTER_BUS,
Feature,ckan_be880d63_175a_4383_b0f2_ef88b831eba9.571,Point,153.3385076,-27.90933644,geom,SHELTER_BUS,
Feature,ckan_be880d63_175a_4383_b0f2_ef88b831eba9.572,Point,153.4025245,-27.98895183,geom,SHELTER_BUS,
Feature,ckan_be880d63_175a_4383_b0f2_ef88b831eba9.573,Point,153.4266472,-27.9619425,geom,SHELTER_BUS,
Feature,ckan_be880d63_175a_4383_b0f2_ef88b831eba9.574,Point,153.4087084,-27.94894794,geom,SHELTER_BUS,
Feature,ckan_be880d63_175a_4383_b0f2_ef88b831eba9.575,Point,153.5307042,-28.16968398,geom,SHELTER_BUS,
Feature,ckan_be880d63_175a_4383_b0f2_ef88b831eba9.576,Point,153.2455703,-27.76375021,geom,SHELTER_BUS,
Feature,ckan_be880d63_175a_4383_b0f2_ef88b831eba9.577,Point,153.4049337,-27.94387563,geom,SHELTER_BUS,
Feature,ckan_be880d63_175a_4383_b0f2_ef88b831eba9.578,Point,153.4273029,-27.99703083,geom,SHELTER_BUS,
Feature,ckan_be880d63_175a_4383_b0f2_ef88b831eba9.579,Point,153.4449514,-28.07509516,geom,SHELTER_BUS,
Feature,ckan_be880d63_175a_4383_b0f2_ef88b831eba9.580,Point,153.3760618,-28.17347457,geom,SHELTER_BUS,
Feature,ckan_be880d63_175a_4383_b0f2_ef88b831eba9.581,Point,153.3642235,-28.07781579,geom,SHELTER_BUS,
Feature,ckan_be880d63_175a_4383_b0f2_ef88b831eba9.582,Point,153.4047992,-27.93744244,geom,SHELTER_BUS,
Feature,ckan_be880d63_175a_4383_b0f2_ef88b831eba9.583,Point,153.4385857,-28.11112552,geom,SHELTER_BUS,
Feature,ckan_be880d63_175a_4383_b0f2_ef88b831eba9.584,Point,153.4138057,-27.99601199,geom,SHELTER_BUS,
Feature,ckan_be880d63_175a_4383_b0f2_ef88b831eba9.585,Point,153.4963478,-28.14837052,geom,SHELTER_BUS,
Feature,ckan_be880d63_175a_4383_b0f2_ef88b831eba9.586,Point,153.3680782,-28.04631641,geom,SHELTER_BUS,
Feature,ckan_be880d63_175a_4383_b0f2_ef88b831eba9.587,Point,153.4312005,-28.02999124,geom,SHELTER_BUS,
Feature,ckan_be880d63_175a_4383_b0f2_ef88b831eba9.588,Point,153.4311795,-28.02986143,geom,SHELTER_BUS,
Feature,ckan_be880d63_175a_4383_b0f2_ef88b831eba9.589,Point,153.4311866,-28.02992368,geom,SHELTER_BUS,
Feature,ckan_be880d63_175a_4383_b0f2_ef88b831eba9.590,Point,153.4720829,-28.119847,geom,SHELTER_BUS,
Feature,ckan_be880d63_175a_4383_b0f2_ef88b831eba9.591,Point,153.475729,-28.12876704,geom,SHELTER_BUS,
Feature,ckan_be880d63_175a_4383_b0f2_ef88b831eba9.592,Point,153.3280354,-27.99334647,geom,SHELTER_BUS,
Feature,ckan_be880d63_175a_4383_b0f2_ef88b831eba9.593,Point,153.3955053,-27.98816388,geom,SHELTER_BUS,
Feature,ckan_be880d63_175a_4383_b0f2_ef88b831eba9.594,Point,153.3835482,-28.06991713,geom,SHELTER_BUS,
Feature,ckan_be880d63_175a_4383_b0f2_ef88b831eba9.595,Point,153.411069,-28.10142628,geom,SHELTER_BUS,
Feature,ckan_be880d63_175a_4383_b0f2_ef88b831eba9.596,Point,153.295418,-27.87245306,geom,SHELTER_BUS,
Feature,ckan_be880d63_175a_4383_b0f2_ef88b831eba9.597,Point,153.3919622,-27.88561903,geom,SHELTER_BUS,
Feature,ckan_be880d63_175a_4383_b0f2_ef88b831eba9.598,Point,153.4984282,-28.14706155,geom,SHELTER_BUS,
Feature,ckan_be880d63_175a_4383_b0f2_ef88b831eba9.599,Point,153.3490526,-28.01910076,geom,SHELTER_BUS,
Feature,ckan_be880d63_175a_4383_b0f2_ef88b831eba9.600,Point,153.5093055,-28.15866767,geom,SHELTER_BUS,
Feature,ckan_be880d63_175a_4383_b0f2_ef88b831eba9.601,Point,153.3654079,-27.96215347,geom,SHELTER_BUS,
Feature,ckan_be880d63_175a_4383_b0f2_ef88b831eba9.602,Point,153.3793847,-27.97824664,geom,SHELTER_BUS,
Feature,ckan_be880d63_175a_4383_b0f2_ef88b831eba9.603,Point,153.4092629,-28.03261989,geom,SHELTER_BUS,
Feature,ckan_be880d63_175a_4383_b0f2_ef88b831eba9.604,Point,153.4342284,-28.07366426,geom,SHELTER_BUS,
Feature,ckan_be880d63_175a_4383_b0f2_ef88b831eba9.605,Point,153.3889297,-27.8944559,geom,SHELTER_BUS,
Feature,ckan_be880d63_175a_4383_b0f2_ef88b831eba9.606,Point,153.5243093,-28.16679001,geom,SHELTER_BUS,
Feature,ckan_be880d63_175a_4383_b0f2_ef88b831eba9.607,Point,153.3814305,-27.89945884,geom,SHELTER_BUS,
Feature,ckan_be880d63_175a_4383_b0f2_ef88b831eba9.608,Point,153.3748956,-27.89506264,geom,SHELTER_BUS,
Feature,ckan_be880d63_175a_4383_b0f2_ef88b831eba9.609,Point,153.3989818,-27.89500173,geom,SHELTER_BUS,
Feature,ckan_be880d63_175a_4383_b0f2_ef88b831eba9.610,Point,153.3160748,-27.90706534,geom,SHELTER_BUS,
Feature,ckan_be880d63_175a_4383_b0f2_ef88b831eba9.611,Point,153.3912765,-28.03212175,geom,SHELTER_BUS,
Feature,ckan_be880d63_175a_4383_b0f2_ef88b831eba9.612,Point,153.4279734,-27.99388558,geom,SHELTER_BUS,
Feature,ckan_be880d63_175a_4383_b0f2_ef88b831eba9.613,Point,153.3878667,-28.07040021,geom,SHELTER_BUS,
Feature,ckan_be880d63_175a_4383_b0f2_ef88b831eba9.614,Point,153.4286004,-28.1412863,geom,SHELTER_BUS,
Feature,ckan_be880d63_175a_4383_b0f2_ef88b831eba9.615,Point,153.3668583,-28.04631227,geom,SHELTER_BUS,
Feature,ckan_be880d63_175a_4383_b0f2_ef88b831eba9.616,Point,153.2922921,-27.81543446,geom,SHELTER_BUS,
Feature,ckan_be880d63_175a_4383_b0f2_ef88b831eba9.617,Point,153.3534327,-28.01825616,geom,SHELTER_BUS,
Feature,ckan_be880d63_175a_4383_b0f2_ef88b831eba9.618,Point,153.3544801,-28.02279294,geom,SHELTER_BUS,
Feature,ckan_be880d63_175a_4383_b0f2_ef88b831eba9.619,Point,153.4101438,-28.08811904,geom,SHELTER_BUS,
Feature,ckan_be880d63_175a_4383_b0f2_ef88b831eba9.620,Point,153.3759757,-27.9317653,geom,SHELTER_BUS,
Feature,ckan_be880d63_175a_4383_b0f2_ef88b831eba9.621,Point,153.5174485,-28.16448412,geom,SHELTER_BUS,
Feature,ckan_be880d63_175a_4383_b0f2_ef88b831eba9.622,Point,153.3854633,-27.94810388,geom,SHELTER_BUS,
Feature,ckan_be880d63_175a_4383_b0f2_ef88b831eba9.623,Point,153.4073236,-27.96314339,geom,SHELTER_BUS,
Feature,ckan_be880d63_175a_4383_b0f2_ef88b831eba9.624,Point,153.3954776,-27.96174137,geom,SHELTER_BUS,
Feature,ckan_be880d63_175a_4383_b0f2_ef88b831eba9.625,Point,153.3882516,-28.07396067,geom,SHELTER_BUS,
Feature,ckan_be880d63_175a_4383_b0f2_ef88b831eba9.626,Point,153.4774104,-28.12882852,geom,SHELTER_BUS,
Feature,ckan_be880d63_175a_4383_b0f2_ef88b831eba9.627,Point,153.3257816,-27.90749378,geom,SHELTER_BUS,
Feature,ckan_be880d63_175a_4383_b0f2_ef88b831eba9.628,Point,153.3926344,-28.01015811,geom,SHELTER_BUS,
Feature,ckan_be880d63_175a_4383_b0f2_ef88b831eba9.629,Point,153.399738,-27.99596516,geom,SHELTER_BUS,
Feature,ckan_be880d63_175a_4383_b0f2_ef88b831eba9.630,Point,153.399979,-27.9954612,geom,SHELTER_BUS,
Feature,ckan_be880d63_175a_4383_b0f2_ef88b831eba9.631,Point,153.3024465,-27.85725472,geom,SHELTER_BUS,
Feature,ckan_be880d63_175a_4383_b0f2_ef88b831eba9.632,Point,153.2974748,-27.85705064,geom,SHELTER_BUS,
Feature,ckan_be880d63_175a_4383_b0f2_ef88b831eba9.633,Point,153.3764368,-27.92616648,geom,SHELTER_BUS,
Feature,ckan_be880d63_175a_4383_b0f2_ef88b831eba9.634,Point,153.394522,-27.96536221,geom,SHELTER_BUS,
Feature,ckan_be880d63_175a_4383_b0f2_ef88b831eba9.635,Point,153.4820953,-28.15090006,geom,SHELTER_BUS,
Feature,ckan_be880d63_175a_4383_b0f2_ef88b831eba9.636,Point,153.3696202,-27.99318386,geom,SHELTER_BUS,
Feature,ckan_be880d63_175a_4383_b0f2_ef88b831eba9.637,Point,153.4161275,-28.0477324,geom,SHELTER_BUS,
Feature,ckan_be880d63_175a_4383_b0f2_ef88b831eba9.638,Point,153.4173925,-28.0657991,geom,SHELTER_BUS,
Feature,ckan_be880d63_175a_4383_b0f2_ef88b831eba9.639,Point,153.3263431,-27.91014766,geom,SHELTER_BUS,
Feature,ckan_be880d63_175a_4383_b0f2_ef88b831eba9.640,Point,153.2967697,-27.87469238,geom,SHELTER_BUS,
Feature,ckan_be880d63_175a_4383_b0f2_ef88b831eba9.641,Point,153.3767678,-27.97102251,geom,SHELTER_BUS,
Feature,ckan_be880d63_175a_4383_b0f2_ef88b831eba9.642,Point,153.426625,-28.00050551,geom,SHELTER_BUS,
Feature,ckan_be880d63_175a_4383_b0f2_ef88b831eba9.643,Point,153.426654,-28.00034685,geom,SHELTER_BUS,
Feature,ckan_be880d63_175a_4383_b0f2_ef88b831eba9.644,Point,153.4266847,-28.00018042,geom,SHELTER_BUS,
Feature,ckan_be880d63_175a_4383_b0f2_ef88b831eba9.645,Point,153.4776253,-28.13626528,geom,SHELTER_BUS,
Feature,ckan_be880d63_175a_4383_b0f2_ef88b831eba9.646,Point,153.3658495,-27.94569337,geom,SHELTER_BUS,
Feature,ckan_be880d63_175a_4383_b0f2_ef88b831eba9.647,Point,153.4146464,-28.03988597,geom,SHELTER_BUS,
Feature,ckan_be880d63_175a_4383_b0f2_ef88b831eba9.648,Point,153.4040107,-27.9229038,geom,SHELTER_BUS,
Feature,ckan_be880d63_175a_4383_b0f2_ef88b831eba9.649,Point,153.2996866,-27.85113114,geom,SHELTER_BUS,
Feature,ckan_be880d63_175a_4383_b0f2_ef88b831eba9.650,Point,153.4025302,-27.94329773,geom,SHELTER_BUS,
Feature,ckan_be880d63_175a_4383_b0f2_ef88b831eba9.651,Point,153.5317853,-28.16737047,geom,SHELTER_BUS,
Feature,ckan_be880d63_175a_4383_b0f2_ef88b831eba9.652,Point,153.2599667,-27.78745151,geom,SHELTER_BUS,
Feature,ckan_be880d63_175a_4383_b0f2_ef88b831eba9.653,Point,153.3842468,-27.9868132,geom,SHELTER_BUS,
Feature,ckan_be880d63_175a_4383_b0f2_ef88b831eba9.654,Point,153.3516139,-27.94619282,geom,SHELTER_BUS,
Feature,ckan_be880d63_175a_4383_b0f2_ef88b831eba9.655,Point,153.4051751,-27.9310647,geom,SHELTER_BUS,
Feature,ckan_be880d63_175a_4383_b0f2_ef88b831eba9.656,Point,153.3879989,-27.93813741,geom,SHELTER_BUS,
Feature,ckan_be880d63_175a_4383_b0f2_ef88b831eba9.657,Point,153.3857284,-27.94839069,geom,SHELTER_BUS,
Feature,ckan_be880d63_175a_4383_b0f2_ef88b831eba9.658,Point,153.4079151,-28.06394515,geom,SHELTER_BUS,
Feature,ckan_be880d63_175a_4383_b0f2_ef88b831eba9.659,Point,153.324011,-27.94634537,geom,SHELTER_BUS,
Feature,ckan_be880d63_175a_4383_b0f2_ef88b831eba9.660,Point,153.5274522,-28.16732233,geom,SHELTER_BUS,
Feature,ckan_be880d63_175a_4383_b0f2_ef88b831eba9.661,Point,153.3377009,-27.9247756,geom,SHELTER_BUS,
Feature,ckan_be880d63_175a_4383_b0f2_ef88b831eba9.662,Point,153.4114217,-27.96077323,geom,SHELTER_BUS,
Feature,ckan_be880d63_175a_4383_b0f2_ef88b831eba9.663,Point,153.400913,-27.89738644,geom,SHELTER_BUS,
Feature,ckan_be880d63_175a_4383_b0f2_ef88b831eba9.664,Point,153.3677887,-27.87804988,geom,SHELTER_BUS,
Feature,ckan_be880d63_175a_4383_b0f2_ef88b831eba9.665,Point,153.340898,-27.98475867,geom,SHELTER_BUS,
Feature,ckan_be880d63_175a_4383_b0f2_ef88b831eba9.666,Point,153.334716,-28.01265098,geom,SHELTER_BUS,
Feature,ckan_be880d63_175a_4383_b0f2_ef88b831eba9.667,Point,153.3585794,-27.84088672,geom,SHELTER_BUS,
Feature,ckan_be880d63_175a_4383_b0f2_ef88b831eba9.668,Point,153.3574997,-27.84139375,geom,SHELTER_BUS,
Feature,ckan_be880d63_175a_4383_b0f2_ef88b831eba9.669,Point,153.359939,-28.05099919,geom,SHELTER_BUS,
Feature,ckan_be880d63_175a_4383_b0f2_ef88b831eba9.670,Point,153.3776855,-27.87412158,geom,SHELTER_BUS,
Feature,ckan_be880d63_175a_4383_b0f2_ef88b831eba9.671,Point,153.2879159,-27.90128749,geom,SHELTER_BUS,
Feature,ckan_be880d63_175a_4383_b0f2_ef88b831eba9.672,Point,153.3911564,-28.00147129,geom,SHELTER_BUS,
Feature,ckan_be880d63_175a_4383_b0f2_ef88b831eba9.673,Point,153.3376972,-27.95336012,geom,SHELTER_BUS,
Feature,ckan_be880d63_175a_4383_b0f2_ef88b831eba9.674,Point,153.3379004,-27.92809766,geom,SHELTER_BUS,
Feature,ckan_be880d63_175a_4383_b0f2_ef88b831eba9.675,Point,153.3912871,-28.00599676,geom,SHELTER_BUS,
Feature,ckan_be880d63_175a_4383_b0f2_ef88b831eba9.676,Point,153.3513196,-27.85554739,geom,SHELTER_BUS,
Feature,ckan_be880d63_175a_4383_b0f2_ef88b831eba9.677,Point,153.4008789,-27.96476233,geom,SHELTER_BUS,
Feature,ckan_be880d63_175a_4383_b0f2_ef88b831eba9.678,Point,153.3733515,-27.89748028,geom,SHELTER_BUS,
Feature,ckan_be880d63_175a_4383_b0f2_ef88b831eba9.679,Point,153.3875965,-27.90910168,geom,SHELTER_BUS,
Feature,ckan_be880d63_175a_4383_b0f2_ef88b831eba9.680,Point,153.4915041,-28.13956217,geom,SHELTER_BUS,
Feature,ckan_be880d63_175a_4383_b0f2_ef88b831eba9.681,Point,153.4025919,-27.9741217,geom,SHELTER_BUS,
Feature,ckan_be880d63_175a_4383_b0f2_ef88b831eba9.682,Point,153.3844708,-27.95260754,geom,SHELTER_BUS,
Feature,ckan_be880d63_175a_4383_b0f2_ef88b831eba9.683,Point,153.4869596,-28.12890278,geom,SHELTER_BUS,
Feature,ckan_be880d63_175a_4383_b0f2_ef88b831eba9.684,Point,153.5371023,-28.16843083,geom,SHELTER_BUS,
Feature,ckan_be880d63_175a_4383_b0f2_ef88b831eba9.685,Point,153.4124993,-27.9877256,geom,SHELTER_BUS,
Feature,ckan_be880d63_175a_4383_b0f2_ef88b831eba9.686,Point,153.426837,-27.98562236,geom,SHELTER_BUS,
Feature,ckan_be880d63_175a_4383_b0f2_ef88b831eba9.687,Point,153.3886009,-27.90067295,geom,SHELTER_BUS,
Feature,ckan_be880d63_175a_4383_b0f2_ef88b831eba9.688,Point,153.3800371,-28.08674183,geom,SHELTER_BUS,
Feature,ckan_be880d63_175a_4383_b0f2_ef88b831eba9.689,Point,153.4818879,-28.13202886,geom,SHELTER_BUS,
Feature,ckan_be880d63_175a_4383_b0f2_ef88b831eba9.690,Point,153.3717545,-27.97940864,geom,SHELTER_BUS,
Feature,ckan_be880d63_175a_4383_b0f2_ef88b831eba9.691,Point,153.4212702,-28.01320025,geom,SHELTER_BUS,
Feature,ckan_be880d63_175a_4383_b0f2_ef88b831eba9.692,Point,153.4061042,-28.01030734,geom,SHELTER_BUS,
Feature,ckan_be880d63_175a_4383_b0f2_ef88b831eba9.693,Point,153.4520028,-28.13067789,geom,SHELTER_BUS,
Feature,ckan_be880d63_175a_4383_b0f2_ef88b831eba9.694,Point,153.392392,-28.06740821,geom,SHELTER_BUS,
Feature,ckan_be880d63_175a_4383_b0f2_ef88b831eba9.695,Point,153.4269921,-28.00246603,geom,SHELTER_BUS,
Feature,ckan_be880d63_175a_4383_b0f2_ef88b831eba9.696,Point,153.4005826,-27.98049911,geom,SHELTER_BUS,
Feature,ckan_be880d63_175a_4383_b0f2_ef88b831eba9.697,Point,153.3286044,-27.93886405,geom,SHELTER_BUS,
Feature,ckan_be880d63_175a_4383_b0f2_ef88b831eba9.698,Point,153.3519172,-27.94633202,geom,SHELTER_BUS,
Feature,ckan_be880d63_175a_4383_b0f2_ef88b831eba9.699,Point,153.2523148,-27.96853635,geom,SHELTER_BUS,
Feature,ckan_be880d63_175a_4383_b0f2_ef88b831eba9.700,Point,153.4986452,-28.15179891,geom,SHELTER_BUS,
Feature,ckan_be880d63_175a_4383_b0f2_ef88b831eba9.701,Point,153.4252823,-28.0390568,geom,SHELTER_BUS,
Feature,ckan_be880d63_175a_4383_b0f2_ef88b831eba9.702,Point,153.3882406,-27.88724883,geom,SHELTER_BUS,
Feature,ckan_be880d63_175a_4383_b0f2_ef88b831eba9.703,Point,153.39268,-27.98382798,geom,SHELTER_BUS,
Feature,ckan_be880d63_175a_4383_b0f2_ef88b831eba9.704,Point,153.5016993,-28.15077751,geom,SHELTER_BUS,
Feature,ckan_be880d63_175a_4383_b0f2_ef88b831eba9.705,Point,153.4677779,-28.11265349,geom,SHELTER_BUS,
Feature,ckan_be880d63_175a_4383_b0f2_ef88b831eba9.706,Point,153.3970223,-27.93545079,geom,SHELTER_BUS,
Feature,ckan_be880d63_175a_4383_b0f2_ef88b831eba9.707,Point,153.3725928,-28.01150253,geom,SHELTER_BUS,
Feature,ckan_be880d63_175a_4383_b0f2_ef88b831eba9.708,Point,153.4206073,-27.99824272,geom,SHELTER_BUS,
Feature,ckan_be880d63_175a_4383_b0f2_ef88b831eba9.709,Point,153.3301055,-27.91379511,geom,SHELTER_BUS,
Feature,ckan_be880d63_175a_4383_b0f2_ef88b831eba9.710,Point,153.4262764,-28.04431048,geom,SHELTER_BUS,
Feature,ckan_be880d63_175a_4383_b0f2_ef88b831eba9.711,Point,153.3942144,-27.96194942,geom,SHELTER_BUS,
Feature,ckan_be880d63_175a_4383_b0f2_ef88b831eba9.712,Point,153.3730012,-27.87769056,geom,SHELTER_BUS,
Feature,ckan_be880d63_175a_4383_b0f2_ef88b831eba9.713,Point,153.47405,-28.13788696,geom,SHELTER_BUS,
Feature,ckan_be880d63_175a_4383_b0f2_ef88b831eba9.714,Point,153.2792435,-27.97591835,geom,SHELTER_BUS,
Feature,ckan_be880d63_175a_4383_b0f2_ef88b831eba9.715,Point,153.4358085,-28.04845439,geom,SHELTER_BUS,
Feature,ckan_be880d63_175a_4383_b0f2_ef88b831eba9.716,Point,153.3574865,-28.07228783,geom,SHELTER_BUS,
Feature,ckan_be880d63_175a_4383_b0f2_ef88b831eba9.717,Point,153.4581364,-28.09924523,geom,SHELTER_BUS,
Feature,ckan_be880d63_175a_4383_b0f2_ef88b831eba9.718,Point,153.4376268,-28.05546691,geom,SHELTER_BUS,
Feature,ckan_be880d63_175a_4383_b0f2_ef88b831eba9.719,Point,153.3342801,-27.92230049,geom,SHELTER_BUS,
Feature,ckan_be880d63_175a_4383_b0f2_ef88b831eba9.720,Point,153.4982058,-28.1470315,geom,SHELTER_BUS,
Feature,ckan_be880d63_175a_4383_b0f2_ef88b831eba9.721,Point,153.4339732,-28.04109848,geom,SHELTER_BUS,
Feature,ckan_be880d63_175a_4383_b0f2_ef88b831eba9.722,Point,153.4665415,-28.11022732,geom,SHELTER_BUS,
Feature,ckan_be880d63_175a_4383_b0f2_ef88b831eba9.723,Point,153.3979688,-27.92759828,geom,SHELTER_BUS,
Feature,ckan_be880d63_175a_4383_b0f2_ef88b831eba9.724,Point,153.4108696,-27.97981886,geom,SHELTER_BUS,
Feature,ckan_be880d63_175a_4383_b0f2_ef88b831eba9.725,Point,153.400264,-27.94719728,geom,SHELTER_BUS,
Feature,ckan_be880d63_175a_4383_b0f2_ef88b831eba9.726,Point,153.4015394,-27.90455778,geom,SHELTER_BUS,
Feature,ckan_be880d63_175a_4383_b0f2_ef88b831eba9.727,Point,153.4022381,-27.97416867,geom,SHELTER_BUS,
Feature,ckan_be880d63_175a_4383_b0f2_ef88b831eba9.728,Point,153.4361652,-28.04981038,geom,SHELTER_BUS,
Feature,ckan_be880d63_175a_4383_b0f2_ef88b831eba9.729,Point,153.4044378,-28.03273941,geom,SHELTER_BUS,
Feature,ckan_be880d63_175a_4383_b0f2_ef88b831eba9.730,Point,153.4128889,-28.06843888,geom,SHELTER_BUS,
Feature,ckan_be880d63_175a_4383_b0f2_ef88b831eba9.731,Point,153.4279775,-27.97289479,geom,SHELTER_BUS,
Feature,ckan_be880d63_175a_4383_b0f2_ef88b831eba9.732,Point,153.4431714,-28.0712263,geom,SHELTER_BUS,
Feature,ckan_be880d63_175a_4383_b0f2_ef88b831eba9.733,Point,153.4244271,-28.0997209,geom,SHELTER_BUS,
Feature,ckan_be880d63_175a_4383_b0f2_ef88b831eba9.734,Point,153.3183648,-27.88563498,geom,SHELTER_BUS,
Feature,ckan_be880d63_175a_4383_b0f2_ef88b831eba9.735,Point,153.3827591,-27.95527128,geom,SHELTER_BUS,
Feature,ckan_be880d63_175a_4383_b0f2_ef88b831eba9.736,Point,153.3747271,-28.00311165,geom,SHELTER_BUS,
Feature,ckan_be880d63_175a_4383_b0f2_ef88b831eba9.737,Point,153.4120468,-27.99848868,geom,SHELTER_BUS,
Feature,ckan_be880d63_175a_4383_b0f2_ef88b831eba9.738,Point,153.4698662,-28.15373843,geom,SHELTER_BUS,
Feature,ckan_be880d63_175a_4383_b0f2_ef88b831eba9.739,Point,153.4756211,-28.12860866,geom,SHELTER_BUS,
Feature,ckan_be880d63_175a_4383_b0f2_ef88b831eba9.740,Point,153.3879051,-27.98734355,geom,SHELTER_BUS,
Feature,ckan_be880d63_175a_4383_b0f2_ef88b831eba9.741,Point,153.4281822,-28.1009604,geom,SHELTER_BUS,
Feature,ckan_be880d63_175a_4383_b0f2_ef88b831eba9.742,Point,153.4283425,-28.10097662,geom,SHELTER_BUS,
Feature,ckan_be880d63_175a_4383_b0f2_ef88b831eba9.743,Point,153.4284719,-28.10099174,geom,SHELTER_BUS,
Feature,ckan_be880d63_175a_4383_b0f2_ef88b831eba9.744,Point,153.4286417,-28.1010151,geom,SHELTER_BUS,
Feature,ckan_be880d63_175a_4383_b0f2_ef88b831eba9.745,Point,153.3998311,-28.09692144,geom,SHELTER_BUS,
Feature,ckan_be880d63_175a_4383_b0f2_ef88b831eba9.746,Point,153.3454862,-28.13378166,geom,SHELTER_BUS,
Feature,ckan_be880d63_175a_4383_b0f2_ef88b831eba9.747,Point,153.3629105,-27.94261029,geom,SHELTER_BUS,
Feature,ckan_be880d63_175a_4383_b0f2_ef88b831eba9.748,Point,153.3630845,-27.94252098,geom,SHELTER_BUS,
Feature,ckan_be880d63_175a_4383_b0f2_ef88b831eba9.749,Point,153.3658014,-27.95537457,geom,SHELTER_BUS,
Feature,ckan_be880d63_175a_4383_b0f2_ef88b831eba9.750,Point,153.3656007,-27.95552415,geom,SHELTER_BUS,
Feature,ckan_be880d63_175a_4383_b0f2_ef88b831eba9.751,Point,153.3750661,-27.9578536,geom,SHELTER_BUS,
Feature,ckan_be880d63_175a_4383_b0f2_ef88b831eba9.752,Point,153.4080468,-27.96580732,geom,SHELTER_BUS,
Feature,ckan_be880d63_175a_4383_b0f2_ef88b831eba9.753,Point,153.4253496,-27.97769984,geom,SHELTER_BUS,
Feature,ckan_be880d63_175a_4383_b0f2_ef88b831eba9.754,Point,153.3833217,-27.95508027,geom,SHELTER_BUS,
Feature,ckan_be880d63_175a_4383_b0f2_ef88b831eba9.755,Point,153.3749273,-27.92928002,geom,SHELTER_BUS,
Feature,ckan_be880d63_175a_4383_b0f2_ef88b831eba9.756,Point,153.3601225,-28.05048056,geom,SHELTER_BUS,
Feature,ckan_be880d63_175a_4383_b0f2_ef88b831eba9.757,Point,153.3817677,-27.99079262,geom,SHELTER_BUS,
Feature,ckan_be880d63_175a_4383_b0f2_ef88b831eba9.758,Point,153.3727384,-27.98297993,geom,SHELTER_BUS,
Feature,ckan_be880d63_175a_4383_b0f2_ef88b831eba9.759,Point,153.3979506,-27.92763173,geom,SHELTER_BUS,
Feature,ckan_be880d63_175a_4383_b0f2_ef88b831eba9.760,Point,153.4013273,-27.93558786,geom,SHELTER_BUS,
Feature,ckan_be880d63_175a_4383_b0f2_ef88b831eba9.761,Point,153.4005905,-27.9453824,geom,SHELTER_BUS,
Feature,ckan_be880d63_175a_4383_b0f2_ef88b831eba9.762,Point,153.3532105,-28.08105485,geom,SHELTER_BUS,
Feature,ckan_be880d63_175a_4383_b0f2_ef88b831eba9.763,Point,153.3987003,-27.9249852,geom,SHELTER_BUS,
Feature,ckan_be880d63_175a_4383_b0f2_ef88b831eba9.764,Point,153.4137773,-28.01233094,geom,SHELTER_BUS,
Feature,ckan_be880d63_175a_4383_b0f2_ef88b831eba9.765,Point,153.3726744,-28.19320262,geom,SHELTER_BUS,
Feature,ckan_be880d63_175a_4383_b0f2_ef88b831eba9.766,Point,153.5113426,-28.16017476,geom,SHELTER_BUS,
Feature,ckan_be880d63_175a_4383_b0f2_ef88b831eba9.767,Point,153.3804779,-28.01422906,geom,SHELTER_BUS,
Feature,ckan_be880d63_175a_4383_b0f2_ef88b831eba9.768,Point,153.4046471,-27.93682239,geom,SHELTER_BUS,
Feature,ckan_be880d63_175a_4383_b0f2_ef88b831eba9.769,Point,153.4441183,-28.07691174,geom,SHELTER_BUS,
Feature,ckan_be880d63_175a_4383_b0f2_ef88b831eba9.770,Point,153.3372537,-27.98796037,geom,SHELTER_BUS,
Feature,ckan_be880d63_175a_4383_b0f2_ef88b831eba9.771,Point,153.3384125,-28.0007434,geom,SHELTER_BUS,
Feature,ckan_be880d63_175a_4383_b0f2_ef88b831eba9.772,Point,153.3816932,-27.98951824,geom,SHELTER_BUS,
Feature,ckan_be880d63_175a_4383_b0f2_ef88b831eba9.773,Point,153.4558025,-28.11440598,geom,SHELTER_BUS,
Feature,ckan_be880d63_175a_4383_b0f2_ef88b831eba9.774,Point,153.3843352,-27.98651295,geom,SHELTER_BUS,
Feature,ckan_be880d63_175a_4383_b0f2_ef88b831eba9.775,Point,153.362992,-28.02165934,geom,SHELTER_BUS,
Feature,ckan_be880d63_175a_4383_b0f2_ef88b831eba9.776,Point,153.4107369,-27.97933252,geom,SHELTER_BUS,
Feature,ckan_be880d63_175a_4383_b0f2_ef88b831eba9.777,Point,153.389333,-28.07781906,geom,SHELTER_BUS,
Feature,ckan_be880d63_175a_4383_b0f2_ef88b831eba9.778,Point,153.3822676,-27.93254718,geom,SHELTER_BUS,
Feature,ckan_be880d63_175a_4383_b0f2_ef88b831eba9.779,Point,153.4249915,-28.0113821,geom,SHELTER_BUS,
Feature,ckan_be880d63_175a_4383_b0f2_ef88b831eba9.780,Point,153.3506085,-27.86614049,geom,SHELTER_BUS,
Feature,ckan_be880d63_175a_4383_b0f2_ef88b831eba9.781,Point,153.3531406,-28.010311,geom,SHELTER_BUS,
Feature,ckan_be880d63_175a_4383_b0f2_ef88b831eba9.782,Point,153.3633656,-27.9278766,geom,SHELTER_BUS,
Feature,ckan_be880d63_175a_4383_b0f2_ef88b831eba9.783,Point,153.4148154,-28.04009259,geom,SHELTER_BUS,
Feature,ckan_be880d63_175a_4383_b0f2_ef88b831eba9.784,Point,153.3978841,-28.097766,geom,SHELTER_BUS,
Feature,ckan_be880d63_175a_4383_b0f2_ef88b831eba9.785,Point,153.4153214,-27.97667252,geom,SHELTER_BUS,
Feature,ckan_be880d63_175a_4383_b0f2_ef88b831eba9.786,Point,153.3677503,-27.98423327,geom,SHELTER_BUS,
Feature,ckan_be880d63_175a_4383_b0f2_ef88b831eba9.787,Point,153.4134586,-28.07641971,geom,SHELTER_BUS,
Feature,ckan_be880d63_175a_4383_b0f2_ef88b831eba9.788,Point,153.424662,-28.01185172,geom,SHELTER_BUS,
Feature,ckan_be880d63_175a_4383_b0f2_ef88b831eba9.789,Point,153.4028525,-28.08892267,geom,SHELTER_BUS,
Feature,ckan_be880d63_175a_4383_b0f2_ef88b831eba9.790,Point,153.3340193,-28.14496215,geom,SHELTER_BUS,
Feature,ckan_be880d63_175a_4383_b0f2_ef88b831eba9.791,Point,153.4625509,-28.10222226,geom,SHELTER_BUS,
Feature,ckan_be880d63_175a_4383_b0f2_ef88b831eba9.792,Point,153.40395,-27.92458046,geom,SHELTER_BUS,
Feature,ckan_be880d63_175a_4383_b0f2_ef88b831eba9.793,Point,153.3055367,-27.86998085,geom,SHELTER_BUS,
Feature,ckan_be880d63_175a_4383_b0f2_ef88b831eba9.794,Point,153.3761383,-27.96993045,geom,SHELTER_BUS,
Feature,ckan_be880d63_175a_4383_b0f2_ef88b831eba9.795,Point,153.4189125,-28.10004643,geom,SHELTER_BUS,
Feature,ckan_be880d63_175a_4383_b0f2_ef88b831eba9.796,Point,153.4061183,-27.94913991,geom,SHELTER_BUS,
Feature,ckan_be880d63_175a_4383_b0f2_ef88b831eba9.797,Point,153.2489558,-28.04465222,geom,SHELTER_BUS,
Feature,ckan_be880d63_175a_4383_b0f2_ef88b831eba9.798,Point,153.2489942,-28.04465395,geom,SHELTER_BUS,
Feature,ckan_be880d63_175a_4383_b0f2_ef88b831eba9.799,Point,153.3610011,-28.06172867,geom,SHELTER_BUS,
Feature,ckan_be880d63_175a_4383_b0f2_ef88b831eba9.800,Point,153.3997394,-27.93306248,geom,SHELTER_BUS,
Feature,ckan_be880d63_175a_4383_b0f2_ef88b831eba9.801,Point,153.5290471,-28.17210567,geom,SHELTER_BUS,
Feature,ckan_be880d63_175a_4383_b0f2_ef88b831eba9.802,Point,153.4227964,-27.98057523,geom,SHELTER_BUS,
Feature,ckan_be880d63_175a_4383_b0f2_ef88b831eba9.803,Point,153.4031448,-27.96294062,geom,SHELTER_BUS,
Feature,ckan_be880d63_175a_4383_b0f2_ef88b831eba9.804,Point,153.3938033,-27.93512835,geom,SHELTER_BUS,
Feature,ckan_be880d63_175a_4383_b0f2_ef88b831eba9.805,Point,153.4209736,-28.01306641,geom,SHELTER_BUS,
Feature,ckan_be880d63_175a_4383_b0f2_ef88b831eba9.806,Point,153.4271352,-27.96788978,geom,SHELTER_BUS,
Feature,ckan_be880d63_175a_4383_b0f2_ef88b831eba9.807,Point,153.4429312,-28.06997763,geom,SHELTER_BUS,
Feature,ckan_be880d63_175a_4383_b0f2_ef88b831eba9.808,Point,153.1803958,-27.82644659,geom,SHELTER_BUS,
Feature,ckan_be880d63_175a_4383_b0f2_ef88b831eba9.809,Point,153.2763393,-27.79998009,geom,SHELTER_BUS,
Feature,ckan_be880d63_175a_4383_b0f2_ef88b831eba9.810,Point,153.390512,-28.00484814,geom,SHELTER_BUS,
Feature,ckan_be880d63_175a_4383_b0f2_ef88b831eba9.811,Point,153.3624177,-28.02116645,geom,SHELTER_BUS,
Feature,ckan_be880d63_175a_4383_b0f2_ef88b831eba9.812,Point,153.352821,-28.07374557,geom,SHELTER_BUS,
Feature,ckan_be880d63_175a_4383_b0f2_ef88b831eba9.813,Point,153.3278989,-27.91333629,geom,SHELTER_BUS,
Feature,ckan_be880d63_175a_4383_b0f2_ef88b831eba9.814,Point,153.5133087,-28.16213523,geom,SHELTER_BUS,
Feature,ckan_be880d63_175a_4383_b0f2_ef88b831eba9.815,Point,153.4098333,-28.08535301,geom,SHELTER_BUS,
Feature,ckan_be880d63_175a_4383_b0f2_ef88b831eba9.816,Point,153.1794315,-27.83833388,geom,SHELTER_BUS,
Feature,ckan_be880d63_175a_4383_b0f2_ef88b831eba9.817,Point,153.2833115,-27.8928561,geom,SHELTER_BUS,
Feature,ckan_be880d63_175a_4383_b0f2_ef88b831eba9.818,Point,153.4172291,-27.99758713,geom,SHELTER_BUS,
Feature,ckan_be880d63_175a_4383_b0f2_ef88b831eba9.819,Point,153.3992398,-27.98498772,geom,SHELTER_BUS,
Feature,ckan_be880d63_175a_4383_b0f2_ef88b831eba9.820,Point,153.4312257,-28.01386577,geom,SHELTER_BUS,
Feature,ckan_be880d63_175a_4383_b0f2_ef88b831eba9.821,Point,153.4003905,-27.9392744,geom,SHELTER_BUS,
Feature,ckan_be880d63_175a_4383_b0f2_ef88b831eba9.822,Point,153.3887845,-27.95034882,geom,SHELTER_BUS,
Feature,ckan_be880d63_175a_4383_b0f2_ef88b831eba9.823,Point,153.3607164,-27.92848411,geom,SHELTER_BUS,
Feature,ckan_be880d63_175a_4383_b0f2_ef88b831eba9.824,Point,153.3527472,-28.01625258,geom,SHELTER_BUS,
Feature,ckan_be880d63_175a_4383_b0f2_ef88b831eba9.825,Point,153.3533128,-27.98528267,geom,SHELTER_BUS,
Feature,ckan_be880d63_175a_4383_b0f2_ef88b831eba9.826,Point,153.4542253,-28.09240623,geom,SHELTER_BUS,
Feature,ckan_be880d63_175a_4383_b0f2_ef88b831eba9.827,Point,153.4736618,-28.12286003,geom,SHELTER_BUS,
Feature,ckan_be880d63_175a_4383_b0f2_ef88b831eba9.828,Point,153.4367155,-28.07916545,geom,SHELTER_BUS,
Feature,ckan_be880d63_175a_4383_b0f2_ef88b831eba9.829,Point,153.4245744,-28.0283171,geom,SHELTER_BUS,
Feature,ckan_be880d63_175a_4383_b0f2_ef88b831eba9.830,Point,153.4075941,-27.97132292,geom,SHELTER_BUS,
Feature,ckan_be880d63_175a_4383_b0f2_ef88b831eba9.831,Point,153.4256502,-27.97614509,geom,SHELTER_BUS,
Feature,ckan_be880d63_175a_4383_b0f2_ef88b831eba9.832,Point,153.3840322,-27.92171156,geom,SHELTER_BUS,
Feature,ckan_be880d63_175a_4383_b0f2_ef88b831eba9.833,Point,153.3869881,-27.91556977,geom,SHELTER_BUS,
Feature,ckan_be880d63_175a_4383_b0f2_ef88b831eba9.834,Point,153.3430415,-28.01557931,geom,SHELTER_BUS,
Feature,ckan_be880d63_175a_4383_b0f2_ef88b831eba9.835,Point,153.4078973,-27.96959926,geom,SHELTER_BUS,
Feature,ckan_be880d63_175a_4383_b0f2_ef88b831eba9.836,Point,153.2437803,-27.70131387,geom,SHELTER_BUS,
Feature,ckan_be880d63_175a_4383_b0f2_ef88b831eba9.837,Point,153.366055,-27.94548993,geom,SHELTER_BUS,
Feature,ckan_be880d63_175a_4383_b0f2_ef88b831eba9.838,Point,153.4891625,-28.13532587,geom,SHELTER_BUS,
Feature,ckan_be880d63_175a_4383_b0f2_ef88b831eba9.839,Point,153.5047991,-28.15417309,geom,SHELTER_BUS,
Feature,ckan_be880d63_175a_4383_b0f2_ef88b831eba9.840,Point,153.3820056,-27.9905934,geom,SHELTER_BUS,
Feature,ckan_be880d63_175a_4383_b0f2_ef88b831eba9.841,Point,153.3999893,-27.94207986,geom,SHELTER_BUS,
Feature,ckan_be880d63_175a_4383_b0f2_ef88b831eba9.842,Point,153.4007998,-27.93707137,geom,SHELTER_BUS,
Feature,ckan_be880d63_175a_4383_b0f2_ef88b831eba9.843,Point,153.3876207,-27.91396877,geom,SHELTER_BUS,
Feature,ckan_be880d63_175a_4383_b0f2_ef88b831eba9.844,Point,153.4142166,-27.99634018,geom,SHELTER_BUS,
Feature,ckan_be880d63_175a_4383_b0f2_ef88b831eba9.845,Point,153.4132533,-27.99260226,geom,SHELTER_BUS,
Feature,ckan_be880d63_175a_4383_b0f2_ef88b831eba9.846,Point,153.5330085,-28.16722176,geom,SHELTER_BUS,
Feature,ckan_be880d63_175a_4383_b0f2_ef88b831eba9.847,Point,153.378527,-27.89886078,geom,SHELTER_BUS,
Feature,ckan_be880d63_175a_4383_b0f2_ef88b831eba9.848,Point,153.4192862,-28.03609698,geom,SHELTER_BUS,
Feature,ckan_be880d63_175a_4383_b0f2_ef88b831eba9.849,Point,153.3867279,-27.94326433,geom,SHELTER_BUS,
Feature,ckan_be880d63_175a_4383_b0f2_ef88b831eba9.850,Point,153.4532827,-28.09356169,geom,SHELTER_BUS,
Feature,ckan_be880d63_175a_4383_b0f2_ef88b831eba9.851,Point,153.3934299,-27.97634634,geom,SHELTER_BUS,
Feature,ckan_be880d63_175a_4383_b0f2_ef88b831eba9.852,Point,153.4268217,-28.04725635,geom,SHELTER_BUS,
Feature,ckan_be880d63_175a_4383_b0f2_ef88b831eba9.853,Point,153.3730796,-28.01175636,geom,SHELTER_BUS,
Feature,ckan_be880d63_175a_4383_b0f2_ef88b831eba9.854,Point,153.4059012,-27.97916609,geom,SHELTER_BUS,
